{
  "attributes": {
    "attack_range": 4,
    "two_handed": false,
    "category": "rapier",
    "attacks": [
      {
        "hitbox": "FORWARD_BOX",
        "damage_multiplier": 1,
        "angle": 0,
        "upswing": 0.2,
        "animation": "bettercombat:one_handed_stab",
        "swing_sound": {
          "id": "bettercombat:dagger_slash"
        }
      },
      {
        "hitbox": "FORWARD_BOX",
        "damage_multiplier": 1,
        "angle": 0,
        "upswing": 0.2,
        "animation": "bettercombat:two_handed_stab_left",
        "swing_sound": {
          "id": "bettercombat:dagger_slash"
        }
      },
      {
        "hitbox": "HORIZONTAL_PLANE",
        "damage_multiplier": 1,
        "angle": 120,
        "upswing": 0.5,
        "animation": "bettercombat:one_handed_slash_horizontal_left",
        "swing_sound": {
          "id": "bettercombat:dagger_slash"
        }
      }
    ]
  }
}