{
  "attributes": {
    "attack_range": 3.25,
    "pose": "bettercombat:pose_two_handed_sword",
    "two_handed": true,
    "category": "spellbreaker",
    "attacks": [
      {
        "hitbox": "HORIZONTAL_PLANE",
        "damage_multiplier": 0.8,
        "angle": 120,
        "upswing": 0.5,
        "animation": "bettercombat:two_handed_slash_horizontal_right",
        "swing_sound": {
          "id": "bettercombat:sword_slash"
        }
      },
      {
        "hitbox": "VERTICAL_PLANE",
        "damage_multiplier": 1.2,
        "angle": 120,
        "upswing": 0.5,
        "animation": "bettercombat:two_handed_slash_vertical_left",
        "swing_sound": {
          "id": "bettercombat:sword_slash"
        }
      },
      {
        "hitbox": "HORIZONTAL_PLANE",
        "damage_multiplier": 1,
        "angle": 120,
        "upswing": 0.5,
        "animation": "bettercombat:two_handed_slash_horizontal_left",
        "swing_sound": {
          "id": "bettercombat:sword_slash"
        }
      },
      {
        "hitbox": "FORWARD_BOX",
        "damage_multiplier": 1,
        "angle": 0,
        "upswing": 0.5,
        "animation": "bettercombat:two_handed_stab_right",
        "swing_sound": {
          "id": "bettercombat:sword_slash"
        }
      }
    ]
  }
}