{
  "display": {
    "icon": {
      "id": "irons_spellbooks:inscription_table"
    },
    "title": {
      "translate": "advancements.irons_spellbooks.make_inscription_table.title"
    },
    "description": {
      "translate": "advancements.irons_spellbooks.make_inscription_table.description"
    },
    "announce_to_chat": false,
    "show_toast": false,
    "frame": "task"
  },
  "parent": "irons_spellbooks:irons_spellbooks/root",
  "criteria": {
    "inscription_table": {
      "conditions": {
        "items": [
          {
            "items": [
              "irons_spellbooks:inscription_table"
            ]
          }
        ]
      },
      "trigger": "minecraft:inventory_changed"
    }
  }
}