{
  "display": {
    "icon": {
      "id": "irons_spellbooks:scroll_forge"
    },
    "title": {
      "translate": "advancements.irons_spellbooks.make_scroll_forge.title"
    },
    "description": {
      "translate": "advancements.irons_spellbooks.make_scroll_forge.description"
    },
    "announce_to_chat": true,
    "show_toast": true,
    "frame": "goal"
  },
  "parent": "irons_spellbooks:irons_spellbooks/make_inscription_table",
  "criteria": {
    "scroll_forge": {
      "conditions": {
        "items": [
          {
            "items": [
              "irons_spellbooks:scroll_forge"
            ]
          }
        ]
      },
      "trigger": "minecraft:inventory_changed"
    }
  }
}