{
  "display": {
    "icon": {
      "id": "irons_spellbooks:arcane_anvil"
    },
    "title": {
      "translate": "advancements.irons_spellbooks.make_arcane_anvil.title"
    },
    "description": {
      "translate": "advancements.irons_spellbooks.make_arcane_anvil.description"
    },
    "announce_to_chat": true,
    "show_toast": true,
    "frame": "challenge"
  },
  "parent": "irons_spellbooks:irons_spellbooks/make_scroll_forge",
  "criteria": {
    "arcane_anvil": {
      "conditions": {
        "items": [
          {
            "items": [
              "irons_spellbooks:arcane_anvil"
            ]
          }
        ]
      },
      "trigger": "minecraft:inventory_changed"
    }
  }
}