{
  "display": {
    "icon": {
      "id": "irons_spellbooks:dragonskin_spell_book"
    },
    "title": {
      "translate": "advancements.irons_spellbooks.spell_book_dragon.title"
    },
    "description": {
      "translate": "advancements.irons_spellbooks.spell_book_dragon.description"
    },
    "announce_to_chat": false,
    "show_toast": true,
    "frame": "challenge"
  },
  "parent": "irons_spellbooks:irons_spellbooks/spell_book_diamond",
  "criteria": {
    "requirement": {
      "conditions": {
        "items": [
          {
            "items": [
              "irons_spellbooks:dragonskin_spell_book"
            ]
          }
        ]
      },
      "trigger": "minecraft:inventory_changed"
    }
  }
}