{
  "display": {
    "hidden": false,
    "icon": {
      "id": "irons_spellbooks:graybeard_staff"
    },
    "title": {
      "translate": "advancements.irons_spellbooks.staff_root.title"
    },
    "description": {
      "translate": "advancements.irons_spellbooks.staff_root.description"
    },
    "announce_to_chat": true,
    "show_toast": true,
    "frame": "task"
  },
  "parent": "irons_spellbooks:irons_spellbooks/root",
  "criteria": {
    "requirement": {
      "conditions": {
        "items": [
          {
            "items": [
              "irons_spellbooks:graybeard_staff",
              "irons_spellbooks:ice_staff",
              "irons_spellbooks:artificer_cane",
              "irons_spellbooks:blood_staff"
            ]
          }
        ]
      },
      "trigger": "minecraft:inventory_changed"
    }
  }
}