{
  "display": {
    "hidden": false,
    "icon": {
      "id": "irons_spellbooks:lightning_rod"
    },
    "title": {
      "translate": "advancements.irons_spellbooks.staff_lightning_rod.title"
    },
    "description": {
      "translate": "advancements.irons_spellbooks.staff_lightning_rod.description"
    },
    "announce_to_chat": true,
    "show_toast": true,
    "frame": "task"
  },
  "parent": "irons_spellbooks:irons_spellbooks/staff_root",
  "criteria": {
    "requirement": {
      "conditions": {
        "items": [
          {
            "items": [
              "irons_spellbooks:lightning_rod"
            ]
          }
        ]
      },
      "trigger": "minecraft:inventory_changed"
    }
  }
}