{
  "pools": [
    {
      "rolls": {
        "min": 0,
        "max": 2
      },
      "entries": [
        {
          "type": "minecraft:item",
          "name": "irons_spellbooks:fire_ale"
        }
      ]
    },
    {
      "rolls": {
        "min": 3,
        "max": 9
      },
      "entries": [
        {
          "type": "minecraft:item",
          "name": "minecraft:glass_bottle"
        },
        {
          "type": "minecraft:item",
          "name": "minecraft:potion",
          "functions": [
            {
              "function": "minecraft:set_potion",
              "id": "minecraft:water"
            }
          ]
        },
        {
          "type": "minecraft:item",
          "name": "minecraft:pumpkin"
        },
        {
          "type": "minecraft:item",
          "name": "minecraft:sugar"
        },
        {
          "type": "minecraft:item",
          "name": "minecraft:honeycomb"
        },
        {
          "type": "minecraft:item",
          "name": "minecraft:fermented_spider_eye"
        },
        {
          "type": "minecraft:item",
          "name": "minecraft:wheat"
        },
        {
          "type": "minecraft:item",
          "name": "minecraft:water_bucket"
        }
      ]
    }
  ]
}