{
  "pools": [
    {
      "rolls": 1,
      "entries": [
        {
          "weight": 6,
          "type": "minecraft:empty"
        },
        {
          "weight": 4,
          "type": "minecraft:item",
          "functions": [
            {
              "count": {
                "min": 1,
                "max": 5
              },
              "function": "minecraft:set_count"
            }
          ],
          "name": "minecraft:emerald"
        },
        {
          "weight": 3,
          "type": "minecraft:item",
          "functions": [
            {
              "count": {
                "min": 2,
                "max": 7
              },
              "function": "minecraft:set_count"
            }
          ],
          "name": "irons_spellbooks:arcane_essence"
        },
        {
          "weight": 4,
          "type": "minecraft:item",
          "functions": [
            {
              "count": {
                "min": 1,
                "max": 3
              },
              "function": "minecraft:set_count"
            }
          ],
          "name": "minecraft:charcoal"
        },
        {
          "weight": 2,
          "type": "minecraft:item",
          "functions": [
            {
              "count": {
                "min": 1,
                "max": 2
              },
              "function": "minecraft:set_count"
            }
          ],
          "name": "minecraft:cobweb"
        },
        {
          "weight": 7,
          "type": "minecraft:item",
          "name": "irons_spellbooks:fire_ale"
        },
        {
          "weight": 1,
          "type": "minecraft:item",
          "name": "minecraft:gold_ingot"
        },
        {
          "weight": 1,
          "type": "minecraft:item",
          "name": "minecraft:copper_ingot"
        }
      ]
    }
  ]
}
