{
  "type": "minecraft:chest",
  "pools": [
    {
      "rolls": 15,
      "entries": [
        {
          "type": "minecraft:item",
          "weight": 5,
          "name": "irons_spellbooks:arcane_essence",
          "functions": [
            {
              "function": "minecraft:set_count",
              "count": {
                "min": 1,
                "max": 3
              }
            }
          ]
        },
        {
          "type": "minecraft:item",
          "weight": 5,
          "name": "minecraft:candle"
        },
        {
          "type": "minecraft:item",
          "weight": 5,
          "name": "minecraft:paper"
        },
        {
          "type": "minecraft:item",
          "weight": 2,
          "name": "minecraft:pumpkin"
        },
        {
          "type": "minecraft:item",
          "weight": 3,
          "name": "minecraft:obsidian"
        },
        {
          "type": "minecraft:item",
          "weight": 8,
          "name": "minecraft:blaze_rod"
        }
      ]
    },
    {
      "rolls": {
        "min": 1,
        "max": 7
      },
      "entries": [
        {
          "type": "minecraft:loot_table",
          "value": "irons_spellbooks:magic_items/poor_ink"
        }
      ]
    },
    {
      "rolls": {
        "min": 0,
        "max": 2
      },
      "entries": [
        {
          "type": "minecraft:item",
          "name": "irons_spellbooks:scroll",
          "functions": [
            {
              "function": "irons_spellbooks:randomize_spell",
              "spell_filter": {
                "school": "irons_spellbooks:fire"
              },
              "quality": {
                "min": 0.1,
                "max": 0.65
              }
            }
          ]
        }
      ]
    },
    {
      "rolls": 1,
      "entries": [
        {
          "type": "minecraft:loot_table",
          "value": "irons_spellbooks:magic_items/basic_curios"
        }
      ],
      "conditions": [
        {
          "condition": "minecraft:random_chance",
          "chance": 0.4
        }
      ]
    }
  ]
}
