{
  "variants": {
    "age=0,facing=east": {
      "model": "ars_elemental:block/archwood/flashpine_pod_0",
      "y": 270
    },
    "age=0,facing=north": {
      "model": "ars_elemental:block/archwood/flashpine_pod_0",
      "y": 180
    },
    "age=0,facing=south": {
      "model": "ars_elemental:block/archwood/flashpine_pod_0"
    },
    "age=0,facing=west": {
      "model": "ars_elemental:block/archwood/flashpine_pod_0",
      "y": 90
    },
    "age=1,facing=east": {
      "model": "ars_elemental:block/archwood/flashpine_pod_1",
      "y": 270
    },
    "age=1,facing=north": {
      "model": "ars_elemental:block/archwood/flashpine_pod_1",
      "y": 180
    },
    "age=1,facing=south": {
      "model": "ars_elemental:block/archwood/flashpine_pod_1"
    },
    "age=1,facing=west": {
      "model": "ars_elemental:block/archwood/flashpine_pod_1",
      "y": 90
    },
    "age=2,facing=east": {
      "model": "ars_elemental:block/archwood/flashpine_pod_2",
      "y": 270
    },
    "age=2,facing=north": {
      "model": "ars_elemental:block/archwood/flashpine_pod_2",
      "y": 180
    },
    "age=2,facing=south": {
      "model": "ars_elemental:block/archwood/flashpine_pod_2"
    },
    "age=2,facing=west": {
      "model": "ars_elemental:block/archwood/flashpine_pod_2",
      "y": 90
    }
  }
}