{
  "required": true,
  "package": "com.hollingsworth.arsnouveau.common.mixin",
  "compatibilityLevel": "JAVA_21",
  "refmap": "ars_nouveau.refmap.json",
  "plugin": "com.hollingsworth.arsnouveau.common.mixin.MixinPlugin",
  "client": [
    "ChatComponentAccessor",
    "GameRendererMixin",
    "camera.ClientChunkCacheMixin",
    "camera.LevelRendererMixin",
    "camera.MinecraftMixin",
    "elytra.ClientElytraMixin",
    "light.ClientMixin",
    "light.EntityRendererMixin",
    "light.LevelRendererMixin",
    "light.LightEntityMixin"
  ],
  "mixins": [
    "BlockBehaviourAccessor",
    "BrushableBlockEntityAccessor",
    "DamageSourceMixin",
    "EntityMixin",
    "LivingAccessor",
    "MobAccessor",
    "PufferfishAccessor",
    "camera.ANServerPlayerMixin",
    "camera.ChunkMapMixin",
    "camera.PlayerListMixin",
    "camera.TrackedEntityMixin",
    "elytra.ElytraPlayerMixin",
    "elytra.MixinLivingEntity",
    "jar.DispenserMixin",
    "jar.MobAccessorMixin",
    "looting.EnchantedCountIncreaseFunctionMixin",
    "looting.LootItemRandomChanceWithEnchantedBonusConditionMixin",
    "perks.PerkLivingEntity",
    "redstone.RedstoneLevelMixin",
    "rewind.RewindEntityMixin",
    "structure.StructureProcessorAccessor",
    "structure.StructureTemplateAccessor",
    "structure.StructureTemplateMixin"
  ],
  "minVersion": "0.8"
}
