{
  "type": "ars_nouveau:caster_tome",
  "color": {
    "b": 26,
    "g": 255,
    "id": "ars_nouveau:constant",
    "r": 255
  },
  "flavour_text": "Encase yourself in glass.",
  "name": "Safety Jar",
  "sound": {},
  "spell": [
    "ars_nouveau:glyph_underfoot",
    "ars_elemental:glyph_conjure_terrain",
    "ars_nouveau:glyph_aoe",
    "ars_nouveau:glyph_aoe",
    "ars_nouveau:glyph_aoe",
    "ars_nouveau:glyph_pierce",
    "ars_nouveau:glyph_pierce",
    "ars_nouveau:glyph_pierce",
    "ars_nouveau:glyph_crush",
    "ars_nouveau:glyph_smelt"
  ],
  "tome_type": "ars_elemental:manipulation_caster_tome"
}