{
  "type": "ars_nouveau:caster_tome",
  "color": {
    "b": 55,
    "g": 250,
    "id": "ars_nouveau:constant",
    "r": 50
  },
  "flavour_text": "Creates a gravity center that also attract nearby blocks.",
  "name": "Gravity Well",
  "sound": {},
  "spell": [
    "ars_elemental:glyph_arc_projectile",
    "ars_nouveau:glyph_gravity",
    "ars_nouveau:glyph_sensitive",
    "ars_nouveau:glyph_aoe",
    "ars_nouveau:glyph_extend_time",
    "ars_nouveau:glyph_linger",
    "ars_nouveau:glyph_sensitive",
    "ars_nouveau:glyph_launch",
    "ars_nouveau:glyph_dampen"
  ],
  "tome_type": "ars_elemental:earth_caster_tome"
}