{
  // Processor lists will run a processor for every block placed by the nbt file.
  // The resultant block of the processor list is the block that actually gets placed in the world.
  "processors": [
    // A single Rule processor for this list.
    {
      "processor_type": "minecraft:rule",
      // The rules for this Rule processor to use
      "rules": [
        {
          "input_predicate": {
            "block": "minecraft:mud_bricks",
            "probability": 0.15,
            "predicate_type": "minecraft:random_block_match"
          },
          "location_predicate": {
            "predicate_type": "minecraft:always_true"
          },
          // If an output_state block has properties, you must define ALL properties of the block!
          "output_state": {
            "Name": "minecraft:brown_mushroom_block"
          }
        },
        {
          "input_predicate": {
            "block": "minecraft:mud_bricks",
            "probability": 0.1,
            "predicate_type": "minecraft:random_block_match"
          },
          "location_predicate": {
            "predicate_type": "minecraft:always_true"
          },
          // If an output_state block has properties, you must define ALL properties of the block!
          "output_state": {
            "Name": "minecraft:packed_mud"
          }
        }
      ]
    }
  ]
}