{
  "name": "irons_spellbooks:evoker_fort_decoration_pool",
  "fallback": "minecraft:empty",
  "elements": [
    {
      "weight": 1,
      "element": {
        "location": "irons_spellbooks:evoker_fort/decorations/barrels",
        "processors": "irons_spellbooks:evoker_fort_randomizer",
        "projection": "rigid",
        "element_type": "minecraft:single_pool_element"
      }
    },
    {
      "weight": 1,
      "element": {
        "location": "irons_spellbooks:evoker_fort/decorations/hay",
        "processors": "irons_spellbooks:evoker_fort_randomizer",
        "projection": "rigid",
        "element_type": "minecraft:single_pool_element"
      }
    },
    {
      "weight": 1,
      "element": {
        "location": "irons_spellbooks:evoker_fort/decorations/iron_golem_cage",
        "processors": "irons_spellbooks:evoker_fort_randomizer",
        "projection": "rigid",
        "element_type": "minecraft:single_pool_element"
      }
    },
    {
      "weight": 1,
      "element": {
        "location": "irons_spellbooks:evoker_fort/decorations/logs",
        "processors": "irons_spellbooks:evoker_fort_randomizer",
        "projection": "rigid",
        "element_type": "minecraft:single_pool_element"
      }
    },
    {
      "weight": 1,
      "element": {
        "location": "irons_spellbooks:evoker_fort/decorations/potato",
        "processors": "irons_spellbooks:evoker_fort_randomizer",
        "projection": "rigid",
        "element_type": "minecraft:single_pool_element"
      }
    },
    {
      "weight": 1,
      "element": {
        "location": "irons_spellbooks:evoker_fort/decorations/pumpkin",
        "processors": "irons_spellbooks:evoker_fort_randomizer",
        "projection": "rigid",
        "element_type": "minecraft:single_pool_element"
      }
    },
    {
      "weight": 1,
      "element": {
        "location": "irons_spellbooks:evoker_fort/decorations/rock_1",
        "processors": "irons_spellbooks:evoker_fort_randomizer",
        "projection": "rigid",
        "element_type": "minecraft:single_pool_element"
      }
    },
    {
      "weight": 1,
      "element": {
        "location": "irons_spellbooks:evoker_fort/decorations/rock_2",
        "processors": "irons_spellbooks:evoker_fort_randomizer",
        "projection": "rigid",
        "element_type": "minecraft:single_pool_element"
      }
    },
    {
      "weight": 1,
      "element": {
        "location": "irons_spellbooks:evoker_fort/decorations/shack",
        "processors": "irons_spellbooks:evoker_fort_randomizer",
        "projection": "rigid",
        "element_type": "minecraft:single_pool_element"
      }
    },
    {
      "weight": 1,
      "element": {
        "location": "irons_spellbooks:evoker_fort/decorations/targets",
        "processors": "irons_spellbooks:evoker_fort_randomizer",
        "projection": "rigid",
        "element_type": "minecraft:single_pool_element"
      }
    },
    {
      "weight": 1,
      "element": {
        "location": "irons_spellbooks:evoker_fort/decorations/tent",
        "processors": "irons_spellbooks:evoker_fort_randomizer",
        "projection": "rigid",
        "element_type": "minecraft:single_pool_element"
      }
    },
    {
      "weight": 1,
      "element": {
        "location": "irons_spellbooks:evoker_fort/decorations/tower",
        "processors": "irons_spellbooks:evoker_fort_randomizer",
        "projection": "rigid",
        "element_type": "minecraft:single_pool_element"
      }
    },
    {
      "weight": 1,
      "element": {
        "location": "irons_spellbooks:evoker_fort/decorations/mobs",
        "processors": "irons_spellbooks:evoker_fort_randomizer",
        "projection": "rigid",
        "element_type": "minecraft:single_pool_element"
      }
    }
  ]
}
