{
  "name": "irons_spellbooks:evoker_fort_halves_pool",
  "fallback": "minecraft:empty",
  "elements": [
    {
      "weight": 5,
      "element": {
        "location": "irons_spellbooks:evoker_fort/halves/medium_decorations",
        "processors": "irons_spellbooks:evoker_fort_randomizer",
        "projection": "terrain_matching",
        "element_type": "minecraft:single_pool_element"
      }
    },
    {
      "weight": 3,
      "element": {
        "location": "irons_spellbooks:evoker_fort/halves/small_decorations",
        "processors": "irons_spellbooks:evoker_fort_randomizer",
        "projection": "terrain_matching",
        "element_type": "minecraft:single_pool_element"
      }
    },
    {
      "weight": 2,
      "element": {
        "location": "irons_spellbooks:evoker_fort/halves/tree",
        "processors": "irons_spellbooks:evoker_fort_randomizer",
        "projection": "terrain_matching",
        "element_type": "minecraft:single_pool_element"
      }
    },
    {
      "weight": 3,
      "element": {
        "location": "irons_spellbooks:evoker_fort/halves/villager_cage",
        "processors": "irons_spellbooks:evoker_fort_randomizer",
        "projection": "rigid",
        "element_type": "minecraft:single_pool_element"
      }
    },
    {
      "weight": 1,
      "element": {
        "location": "irons_spellbooks:evoker_fort/halves/gallows",
        "processors": "irons_spellbooks:evoker_fort_randomizer",
        "projection": "rigid",
        "element_type": "minecraft:single_pool_element"
      }
    },
    {
      "weight": 2,
      "element": {
        "location": "irons_spellbooks:evoker_fort/halves/campsite",
        "processors": "irons_spellbooks:evoker_fort_randomizer",
        "projection": "rigid",
        "element_type": "minecraft:single_pool_element"
      }
    }
  ]
}
