{
  "name": "block.elementalcraft.shrine_upgrade_translocation",
  "category": "elementalcraft:shrine_upgrades",
  "icon": "elementalcraft:shrine_upgrade_translocation",
  "advancement": "elementalcraft:pickup/shrinebase",
  "turnin": "elementalcraft:translocation/shrine_upgrade_translocation",
  "sortnum": 20,
  "pages": [
    {
      "type": "text",
      "text": "elementalcraft.page.shrine_upgrade_translocation0"
    },
    {
      "type": "crafting",
      "recipe": "elementalcraft:shrine_upgrade_translocation"
    }
  ]
}
