{
  "name": "block.elementalcraft.shrine_upgrade_crystal_growth",
  "category": "elementalcraft:shrine_upgrades",
  "icon": "elementalcraft:shrine_upgrade_crystal_growth",
  "advancement": "elementalcraft:pickup/shrinebase",
  "turnin": "elementalcraft:crystal_growth/shrine_upgrade_crystal_growth",
  "sortnum": 19,
  "pages": [
    {
      "type": "text",
      "text": "elementalcraft.page.shrine_upgrade_crystal_growth0"
    },
    {
      "type": "crafting",
      "recipe": "elementalcraft:shrine_upgrade_crystal_growth"
    }
  ]
}
