{
  "name": "block.elementalcraft.shrine_upgrade_planting",
  "category": "elementalcraft:shrine_upgrades",
  "icon": "elementalcraft:shrine_upgrade_planting",
  "advancement": "elementalcraft:pickup/shrinebase",
  "turnin": "elementalcraft:pickup/shrine_upgrade_planting",
  "sortnum": 8,
  "pages": [
    {
      "type": "text",
      "text": "elementalcraft.page.shrine_upgrade_planting0"
    },
    {
      "type": "crafting",
      "recipe": "elementalcraft:shrine_upgrade_planting"
    }
  ]
}
