{
  "name": "block.elementalcraft.shrine_upgrade_springaline",
  "category": "elementalcraft:shrine_upgrades",
  "icon": "elementalcraft:shrine_upgrade_springaline",
  "advancement": "elementalcraft:pickup/shrinebase",
  "turnin": "elementalcraft:springaline/shrine_upgrade_springaline",
  "sortnum": 16,
  "pages": [
    {
      "type": "text",
      "text": "elementalcraft.page.shrine_upgrade_springaline0"
    },
    {
      "type": "crafting",
      "recipe": "elementalcraft:shrine_upgrade_springaline"
    }
  ]
}
