{
  "name": "block.elementalcraft.shrine_upgrade_protection",
  "category": "elementalcraft:shrine_upgrades",
  "icon": "elementalcraft:shrine_upgrade_protection",
  "advancement": "elementalcraft:pickup/shrinebase",
  "turnin": "elementalcraft:protection/shrine_upgrade_protection",
  "sortnum": 14,
  "pages": [
    {
      "type": "text",
      "text": "elementalcraft.page.shrine_upgrade_protection0"
    },
    {
      "type": "crafting",
      "recipe": "elementalcraft:shrine_upgrade_protection"
    }
  ]
}
