{
  "name": "block.elementalcraft.shrine_upgrade_stem_pollination",
  "category": "elementalcraft:shrine_upgrades",
  "icon": "elementalcraft:shrine_upgrade_stem_pollination",
  "advancement": "elementalcraft:pickup/shrinebase",
  "turnin": "elementalcraft:stem_pollination/shrine_upgrade_stem_pollination",
  "sortnum": 13,
  "pages": [
    {
      "type": "text",
      "text": "elementalcraft.page.shrine_upgrade_stem_pollination0"
    },
    {
      "type": "crafting",
      "recipe": "elementalcraft:shrine_upgrade_stem_pollination"
    }
  ]
}
