{
  "name": "block.elementalcraft.shrine_upgrade_mystical_grove",
  "category": "elementalcraft:shrine_upgrades",
  "icon": "elementalcraft:shrine_upgrade_mystical_grove",
  "advancement": "elementalcraft:pickup/shrinebase",
  "turnin": "elementalcraft:mystical_grove/shrine_upgrade_mystical_grove",
  "sortnum": 18,
  "pages": [
    {
      "type": "text",
      "text": "elementalcraft.page.shrine_upgrade_mystical_grove0"
    },
    {
      "type": "crafting",
      "recipe": "elementalcraft:shrine_upgrade_mystical_grove"
    }
  ]
}
