{
  "parent": "builtin/entity",
  "texture_size": [
    32,
    32
  ],
  "display": {
    "thirdperson_righthand": {
      "rotation": [
        0,
        -180,
        0
      ],
      "translation": [
        0,
        -9,
        -7.5
      ],
      "scale": [
        1.5,
        1.5,
        1.5
      ]
    },
    "thirdperson_lefthand": {
      "rotation": [
        0,
        -180,
        0
      ],
      "translation": [
        0,
        -9,
        -7.5
      ],
      "scale": [
        -1.5,
        1.5,
        1.5
      ]
    },
    "firstperson_righthand": {
      "rotation": [
        0,
        -180,
        0
      ],
      "translation": [
        -1.5,
        -4.5,
        -0.25
      ],
      "scale": [
        1.25,
        1.25,
        1.25
      ]
    },
    "firstperson_lefthand": {
      "rotation": [
        0,
        -180,
        0
      ],
      "translation": [
        -1.5,
        -4.5,
        -0.25
      ],
      "scale": [
        -1.25,
        1.25,
        1.25
      ]
    },
    "ground": {
      "translation": [
        0,
        -4.25,
        1.75
      ],
      "scale": [
        1.25,
        1.25,
        1.25
      ]
    },
    "gui": {
      "rotation": [
        28,
        -40,
        0
      ],
      "translation": [
        -0.5,
        -4.5,
        0
      ],
      "scale": [
        1.25,
        1.25,
        1.25
      ]
    },
    "head": {
      "rotation": [
        0,
        -180,
        0
      ],
      "translation": [
        0,
        -6.75,
        -8.25
      ],
      "scale": [
        1.25,
        1.25,
        1.25
      ]
    },
    "fixed": {
      "rotation": [
        0,
        90,
        0
      ],
      "translation": [
        0.5,
        -5.75,
        0
      ],
      "scale": [
        1.25,
        1.25,
        1.25
      ]
    }
  }
}