{
	"texture_size": [32, 32],
	"textures": {
		"0": "portalgun:item/portalgun"
	},
	"elements": [
		{
			"from": [7, 12, 6.3],
			"to": [9, 14, 9.3],
			"rotation": {"angle": 0, "axis": "y", "origin": [8, 8, 8]},
			"faces": {
				"north": {"uv": [2.5, 8, 3.5, 9], "texture": "#0"},
				"east": {"uv": [4, 6.5, 5.5, 7.5], "texture": "#0"},
				"south": {"uv": [3.5, 8, 4.5, 9], "texture": "#0"},
				"west": {"uv": [6.5, 2, 8, 3], "texture": "#0"},
				"up": {"uv": [7.5, 4.5, 6.5, 3], "texture": "#0"},
				"down": {"uv": [8, 7, 7, 8.5], "texture": "#0"}
			}
		},
		{
			"from": [9, 12, 6.3],
			"to": [9.2, 13, 9],
			"rotation": {"angle": 0, "axis": "y", "origin": [8, 12, 8]},
			"faces": {
				"north": {"uv": [2.5, 4, 3, 4.5], "texture": "#0"},
				"east": {"uv": [4, 1, 5.5, 1.5], "texture": "#0"},
				"south": {"uv": [7.5, 8.5, 8, 9], "texture": "#0"},
				"west": {"uv": [7.5, 9, 9, 9.5], "texture": "#0"},
				"up": {"uv": [9.5, 10.5, 9, 9], "texture": "#0"},
				"down": {"uv": [9.5, 1, 9, 2.5], "texture": "#0"}
			}
		},
		{
			"from": [6.7, 12, 6.3],
			"to": [7, 13, 9],
			"rotation": {"angle": 0, "axis": "y", "origin": [5.5, 12, 8]},
			"faces": {
				"north": {"uv": [11.5, 2, 12, 2.5], "texture": "#0"},
				"east": {"uv": [9, 2.5, 10.5, 3], "texture": "#0"},
				"south": {"uv": [11.5, 3, 12, 3.5], "texture": "#0"},
				"west": {"uv": [9, 3, 10.5, 3.5], "texture": "#0"},
				"up": {"uv": [9.5, 5, 9, 3.5], "texture": "#0"},
				"down": {"uv": [9.5, 7, 9, 8.5], "texture": "#0"}
			}
		},
		{
			"from": [7.8, 12, 2.05],
			"to": [8.2, 12.4, 2.45],
			"rotation": {"angle": 0, "axis": "y", "origin": [8, 8, 9.25]},
			"faces": {
				"north": {"uv": [11.5, 3.5, 12, 4], "texture": "#0"},
				"east": {"uv": [11.5, 4.5, 12, 5], "texture": "#0"},
				"south": {"uv": [11.5, 5, 12, 5.5], "texture": "#0"},
				"west": {"uv": [11.5, 5.5, 12, 6], "texture": "#0"},
				"up": {"uv": [12, 6.5, 11.5, 6], "texture": "#0"},
				"down": {"uv": [12, 6.5, 11.5, 7], "texture": "#0"}
			}
		},
		{
			"from": [7.8, 13.7, 2.05],
			"to": [8.2, 14.1, 2.45],
			"rotation": {"angle": 0, "axis": "y", "origin": [8, 9.7, 9.25]},
			"faces": {
				"north": {"uv": [11.5, 7.5, 12, 8], "texture": "#0"},
				"east": {"uv": [11.5, 8.5, 12, 9], "texture": "#0"},
				"south": {"uv": [11.5, 9, 12, 9.5], "texture": "#0"},
				"west": {"uv": [11.5, 9.5, 12, 10], "texture": "#0"},
				"up": {"uv": [12, 10.5, 11.5, 10], "texture": "#0"},
				"down": {"uv": [12, 11, 11.5, 11.5], "texture": "#0"}
			}
		},
		{
			"from": [7.8, 12, 1.65],
			"to": [8.2, 14.1, 2.05],
			"rotation": {"angle": 0, "axis": "y", "origin": [8, 9.7, 9.25]},
			"faces": {
				"north": {"uv": [10, 1.5, 10.5, 2.5], "texture": "#0"},
				"east": {"uv": [0, 10.5, 0.5, 11.5], "texture": "#0"},
				"south": {"uv": [0.5, 10.5, 1, 11.5], "texture": "#0"},
				"west": {"uv": [1, 10.5, 1.5, 11.5], "texture": "#0"},
				"up": {"uv": [2, 12.5, 1.5, 12], "texture": "#0"},
				"down": {"uv": [2.5, 12, 2, 12.5], "texture": "#0"}
			}
		},
		{
			"from": [6.75, 11.75, 9],
			"to": [9.25, 14.25, 10],
			"rotation": {"angle": 0, "axis": "y", "origin": [8, 13, 9]},
			"faces": {
				"north": {"uv": [0, 2.5, 1.5, 4], "texture": "#0"},
				"east": {"uv": [4.5, 9.5, 5, 11], "texture": "#0"},
				"south": {"uv": [2.5, 6.5, 4, 8], "texture": "#0"},
				"west": {"uv": [5, 9.5, 5.5, 11], "texture": "#0"},
				"up": {"uv": [10.5, 9, 9, 8.5], "texture": "#0"},
				"down": {"uv": [9, 9.5, 7.5, 10], "texture": "#0"}
			}
		},
		{
			"from": [6.95, 13.85, 8.5],
			"to": [9.05, 14.25, 9],
			"rotation": {"angle": -22.5, "axis": "x", "origin": [7.95, 14.25, 9]},
			"faces": {
				"north": {"uv": [10, 5, 11, 5.5], "texture": "#0"},
				"east": {"uv": [4.5, 12, 5, 12.5], "texture": "#0"},
				"south": {"uv": [10, 9.5, 11, 10], "texture": "#0"},
				"west": {"uv": [5, 12, 5.5, 12.5], "texture": "#0"},
				"up": {"uv": [2.5, 11, 1.5, 10.5], "texture": "#0"},
				"down": {"uv": [11, 10.5, 10, 11], "texture": "#0"}
			}
		},
		{
			"from": [6.5, 14, 1.55],
			"to": [9.5, 14.3, 6.5],
			"rotation": {"angle": 0, "axis": "y", "origin": [9, 14, 5]},
			"faces": {
				"north": {"uv": [10, 10, 11.5, 10.5], "texture": "#0"},
				"east": {"uv": [7, 6.5, 9.5, 7], "texture": "#0"},
				"south": {"uv": [10, 1, 11.5, 1.5], "texture": "#0"},
				"west": {"uv": [4, 7.5, 6.5, 8], "texture": "#0"},
				"up": {"uv": [1.5, 2.5, 0, 0], "texture": "#0"},
				"down": {"uv": [3, 1.5, 1.5, 4], "texture": "#0"}
			}
		},
		{
			"from": [9.2, 11.6, 1.55],
			"to": [9.5, 14.3, 6.5],
			"rotation": {"angle": 0, "axis": "y", "origin": [8.8, 14, 5]},
			"faces": {
				"north": {"uv": [8, 10, 8.5, 11.5], "texture": "#0"},
				"east": {"uv": [1.5, 0, 4, 1.5], "texture": "#0"},
				"south": {"uv": [8.5, 10, 9, 11.5], "texture": "#0"},
				"west": {"uv": [3, 3, 5.5, 4.5], "texture": "#0"},
				"up": {"uv": [7, 10, 6.5, 7.5], "texture": "#0"},
				"down": {"uv": [8, 3, 7.5, 5.5], "texture": "#0"}
			}
		},
		{
			"from": [6.5, 11.6, 1.55],
			"to": [6.8, 14.3, 6.5],
			"rotation": {"angle": 0, "axis": "y", "origin": [5.8, 14, 5]},
			"faces": {
				"north": {"uv": [10, 3.5, 10.5, 5], "texture": "#0"},
				"east": {"uv": [3, 1.5, 5.5, 3], "texture": "#0"},
				"south": {"uv": [10, 6.5, 10.5, 8], "texture": "#0"},
				"west": {"uv": [0, 4, 2.5, 5.5], "texture": "#0"},
				"up": {"uv": [2, 10.5, 1.5, 8], "texture": "#0"},
				"down": {"uv": [2.5, 8, 2, 10.5], "texture": "#0"}
			}
		},
		{
			"from": [6.8, 11.8, 2.45],
			"to": [9.4, 14, 6.1],
			"rotation": {"angle": 0, "axis": "y", "origin": [8, 8, 9]},
			"faces": {
				"north": {"uv": [7, 5.5, 8.5, 6.5], "texture": "#0"},
				"east": {"uv": [5.5, 4.5, 7.5, 5.5], "texture": "#0"},
				"south": {"uv": [0, 7.5, 1.5, 8.5], "texture": "#0"},
				"west": {"uv": [6.5, 0, 8.5, 1], "texture": "#0"},
				"up": {"uv": [1.5, 7.5, 0, 5.5], "texture": "#0"},
				"down": {"uv": [7, 5.5, 5.5, 7.5], "texture": "#0"}
			}
		}
	],
	"display": {
		"thirdperson_righthand": {
			"rotation": [0, -180, 0],
			"translation": [0, -9, -7.5],
			"scale": [1.5, 1.5, 1.5]
		},
		"thirdperson_lefthand": {
			"rotation": [0, -180, 0],
			"translation": [0, -9, -7.5],
			"scale": [-1.5, 1.5, 1.5]
		},
		"firstperson_righthand": {
			"rotation": [0, -180, 0],
			"translation": [-1.5, -4.5, -0.25],
			"scale": [1.25, 1.25, 1.25]
		},
		"firstperson_lefthand": {
			"rotation": [0, -180, 0],
			"translation": [-1.5, -4.5, -0.25],
			"scale": [-1.25, 1.25, 1.25]
		},
		"ground": {
			"translation": [0, -4.25, 1.75],
			"scale": [1.25, 1.25, 1.25]
		},
		"gui": {
			"rotation": [28, -40, 0],
			"translation": [-1.75, -6.5, 0],
			"scale": [1.25, 1.25, 1.25]
		},
		"head": {
			"rotation": [0, -180, 0],
			"translation": [0, -6.75, -8.25],
			"scale": [1.25, 1.25, 1.25]
		},
		"fixed": {
			"rotation": [0, 90, 0],
			"translation": [0.5, -5.75, 0],
			"scale": [1.25, 1.25, 1.25]
		}
	}
}