{
  "category": "ars_nouveau:equipment",
  "icon": "ars_elemental:fire_focus",
  "name": "item.ars_elemental.fire_focus",
  "pages": [
    {
      "type": "patchouli:text",
      "text": "ars_elemental.page1.fire_focus"
    },
    {
      "type": "ars_nouveau:imbuement_recipe",
      "recipe": "ars_elemental:imbuement_lesser_fire_focus"
    },
    {
      "type": "ars_nouveau:apparatus_recipe",
      "recipe": "ars_elemental:fire_focus"
    },
    {
      "type": "patchouli:text",
      "text": "ars_elemental.page2.fire_focus"
    }
  ]
}