{
  "bonuses": {
    "element_preservation": 1000000.0,
    "speed": 1000000.0
  },
  "effect_sprite": "elementalcraft:elementalcraft/runes/creative",
  "max_amount": 1,
  "model": "elementalcraft:elementalcraft/runes/creative",
  "predicate": {
    "type": "dpanvil:cache",
    "value": {
      "type": "dpanvil:or",
      "values": [
        {
          "type": "elementalcraft:has_pipe_upgrade",
          "pipe_upgrade": "elementalcraft:element_pump"
        },
        {
          "type": "dpanvil:tag",
          "tag": "elementalcraft:rune_affected/speed"
        }
      ]
    }
  }
}