{
  "bonuses": {
    "element_preservation": 0.03,
    "speed": 0.05
  },
  "effect_sprite": "elementalcraft:elementalcraft/runes/soaryn",
  "max_amount": 1,
  "model": "elementalcraft:elementalcraft/runes/soaryn",
  "predicate": {
    "type": "dpanvil:cache",
    "value": {
      "type": "dpanvil:and",
      "values": [
        {
          "type": "dpanvil:not",
          "value": {
            "type": "dpanvil:or",
            "values": [
              {
                "type": "elementalcraft:has_rune",
                "rune": "elementalcraft:soaryn"
              },
              {
                "type": "elementalcraft:has_rune",
                "rune": "elementalcraft:kaworu"
              },
              {
                "type": "elementalcraft:has_rune",
                "rune": "elementalcraft:mewtwo"
              }
            ]
          }
        },
        {
          "type": "dpanvil:or",
          "values": [
            {
              "type": "elementalcraft:has_pipe_upgrade",
              "pipe_upgrade": "elementalcraft:element_pump"
            },
            {
              "type": "dpanvil:tag",
              "tag": "elementalcraft:rune_affected/optimization"
            }
          ]
        }
      ]
    }
  }
}