{
  "bonuses": {
    "element_preservation": -0.1,
    "luck": 3.0
  },
  "effect_sprite": "elementalcraft:elementalcraft/runes/tzeentch",
  "max_amount": 1,
  "model": "elementalcraft:elementalcraft/runes/tzeentch",
  "predicate": {
    "type": "dpanvil:cache",
    "value": {
      "type": "dpanvil:and",
      "values": [
        {
          "type": "dpanvil:not",
          "value": {
            "type": "dpanvil:or",
            "values": [
              {
                "type": "elementalcraft:has_rune",
                "rune": "elementalcraft:claptrap"
              },
              {
                "type": "elementalcraft:has_rune",
                "rune": "elementalcraft:bombadil"
              },
              {
                "type": "elementalcraft:has_rune",
                "rune": "elementalcraft:tzeentch"
              }
            ]
          }
        },
        {
          "type": "dpanvil:tag",
          "tag": "elementalcraft:rune_affected/luck"
        }
      ]
    }
  }
}