{
  "type": "minecraft:block",
  "pools": [
    {
      "rolls": 1,
      "entries": [
        {
          "type": "minecraft:item",
          "functions": [
            {
              "function": "minecraft:set_count",
              "conditions": [
                {
                  "condition": "minecraft:block_state_property",
                  "block": "mna:decoration/copper_arcane_stone_slab",
                  "properties": {
                    "type": "double"
                  }
                }
              ],
              "count": 2
            },
            {
              "function": "minecraft:explosion_decay"
            }
          ],
          "name": "mna:decoration/copper_arcane_stone_slab"
        }
      ]
    }
  ]
}
