{
  "key": "irons_spellbooks_frozen_bone",
  "category": "bone",
  "primary": 5.5,
  "secondary": 1.9,
  "tertiary": 4.5,
  "durability": 180,
  "integrityCost": 1,
  "integrityGain": 5,
  "magicCapacity": 158,
  "toolLevel": "minecraft:stone",
  "toolEfficiency": 4.5,
  "effects": {
    "irons_spellbooks:freeze": 5
  },
  "tints": {
    "glyph": "caeced",
    "texture": "caeced"
  },
  "textures": [
    "bone",
    "crude"
  ],
  "material": {
    "items": [
      "irons_spellbooks:frozen_bone"
    ]
  },
  "requiredTools": {
    "hammer_dig": "minecraft:wood"
  }
}