{
  "credit": "Made with Blockbench",
  "texture_size": [
    32,
    32
  ],
  "textures": {
    "2": "ars_elemental:block/archfruit/flashing_archfruit_pod_1",
    "particle": "ars_elemental:block/archfruit/flashing_archfruit_pod_1"
  },
  "render_type": "cutout",
  "elements": [
    {
      "from": [
        5,
        5,
        9
      ],
      "to": [
        11,
        11,
        15
      ],
      "faces": {
        "north": {
          "uv": [
            3,
            6,
            6,
            9
          ],
          "texture": "#2"
        },
        "east": {
          "uv": [
            3,
            6,
            6,
            9
          ],
          "texture": "#2"
        },
        "south": {
          "uv": [
            3,
            6,
            6,
            9
          ],
          "texture": "#2"
        },
        "west": {
          "uv": [
            3,
            6,
            6,
            9
          ],
          "texture": "#2"
        },
        "up": {
          "uv": [
            6,
            9,
            3,
            6
          ],
          "texture": "#2"
        },
        "down": {
          "uv": [
            6,
            6,
            3,
            9
          ],
          "texture": "#2"
        }
      }
    },
    {
      "from": [
        8,
        3,
        9
      ],
      "to": [
        8,
        15,
        16
      ],
      "faces": {
        "north": {
          "uv": [
            0,
            0,
            0,
            6
          ],
          "texture": "#2"
        },
        "east": {
          "uv": [
            0,
            0,
            3.5,
            6
          ],
          "texture": "#2"
        },
        "south": {
          "uv": [
            0,
            0,
            0,
            6
          ],
          "texture": "#2"
        },
        "west": {
          "uv": [
            3.5,
            0,
            7,
            6
          ],
          "texture": "#2"
        },
        "up": {
          "uv": [
            0,
            3.5,
            0,
            0
          ],
          "texture": "#2"
        },
        "down": {
          "uv": [
            0,
            0,
            0,
            3.5
          ],
          "texture": "#2"
        }
      }
    }
  ]
}