{
  "credit": "Made with Blockbench",
  "texture_size": [
    32,
    32
  ],
  "textures": {
    "3": "ars_elemental:block/archfruit/flashing_archfruit_pod_2",
    "particle": "ars_elemental:block/archfruit/flashing_archfruit_pod_2"
  },
  "render_type": "cutout",
  "elements": [
    {
      "from": [
        4,
        3,
        7
      ],
      "to": [
        12,
        11,
        15
      ],
      "faces": {
        "north": {
          "uv": [
            4,
            8,
            8,
            12
          ],
          "texture": "#3"
        },
        "east": {
          "uv": [
            4,
            8,
            8,
            12
          ],
          "texture": "#3"
        },
        "south": {
          "uv": [
            4,
            8,
            8,
            12
          ],
          "texture": "#3"
        },
        "west": {
          "uv": [
            4,
            8,
            8,
            12
          ],
          "texture": "#3"
        },
        "up": {
          "uv": [
            8,
            12,
            4,
            8
          ],
          "texture": "#3"
        },
        "down": {
          "uv": [
            8,
            8,
            4,
            12
          ],
          "texture": "#3"
        }
      }
    },
    {
      "from": [
        8,
        0,
        7
      ],
      "to": [
        8,
        16,
        16
      ],
      "faces": {
        "north": {
          "uv": [
            0,
            0,
            0,
            8
          ],
          "texture": "#3"
        },
        "east": {
          "uv": [
            0,
            0,
            4.5,
            8
          ],
          "texture": "#3"
        },
        "south": {
          "uv": [
            0,
            0,
            0,
            8
          ],
          "texture": "#3"
        },
        "west": {
          "uv": [
            4.5,
            0,
            9,
            8
          ],
          "texture": "#3"
        },
        "up": {
          "uv": [
            0,
            4.5,
            0,
            0
          ],
          "texture": "#3"
        },
        "down": {
          "uv": [
            0,
            0,
            0,
            4.5
          ],
          "texture": "#3"
        }
      }
    }
  ]
}