{
  "credit": "Made with Blockbench",
  "textures": {
    "1": "ars_elemental:block/archfruit/flashing_archfruit_pod_0",
    "particle": "ars_elemental:block/archfruit/flashing_archfruit_pod_0"
  },
  "render_type": "cutout",
  "elements": [
    {
      "from": [
        6,
        7,
        11
      ],
      "to": [
        10,
        11,
        15
      ],
      "faces": {
        "north": {
          "uv": [
            0,
            4,
            4,
            8
          ],
          "texture": "#1"
        },
        "east": {
          "uv": [
            0,
            4,
            4,
            8
          ],
          "texture": "#1"
        },
        "south": {
          "uv": [
            0,
            4,
            4,
            8
          ],
          "texture": "#1"
        },
        "west": {
          "uv": [
            0,
            4,
            4,
            8
          ],
          "texture": "#1"
        },
        "up": {
          "uv": [
            4,
            8,
            0,
            4
          ],
          "texture": "#1"
        },
        "down": {
          "uv": [
            4,
            4,
            0,
            8
          ],
          "texture": "#1"
        }
      }
    },
    {
      "from": [
        8,
        11,
        12
      ],
      "to": [
        8,
        15,
        16
      ],
      "faces": {
        "north": {
          "uv": [
            0,
            0,
            0,
            4
          ],
          "texture": "#1"
        },
        "east": {
          "uv": [
            4,
            8,
            8,
            12
          ],
          "texture": "#1"
        },
        "south": {
          "uv": [
            0,
            0,
            0,
            4
          ],
          "texture": "#1"
        },
        "west": {
          "uv": [
            8,
            4,
            12,
            8
          ],
          "texture": "#1"
        },
        "up": {
          "uv": [
            0,
            4,
            0,
            0
          ],
          "texture": "#1"
        },
        "down": {
          "uv": [
            0,
            0,
            0,
            4
          ],
          "texture": "#1"
        }
      }
    }
  ]
}