{
  "type": "ars_nouveau:enchanting_apparatus",
  "keepNbtOfReagent": false,
  "pedestalItems": [
    {
      "item": "minecraft:brush"
    },
    {
      "tag": "minecraft:decorated_pot_sherds"
    },
    {
      "tag": "minecraft:decorated_pot_sherds"
    },
    {
      "tag": "minecraft:decorated_pot_sherds"
    }
  ],
  "reagent": {
    "item": "ars_nouveau:alakarkinos_token"
  },
  "result": {
    "count": 1,
    "id": "ars_nouveau:alakarkinos_charm"
  },
  "sourceCost": 0
}