{
  "type": "ars_nouveau:enchanting_apparatus",
  "keepNbtOfReagent": false,
  "pedestalItems": [
    {
      "tag": "c:gems/diamond"
    },
    {
      "tag": "c:gems/diamond"
    },
    {
      "tag": "c:ingots/gold"
    },
    {
      "tag": "c:ingots/gold"
    },
    {
      "tag": "c:gems/source"
    },
    {
      "tag": "c:gems/source"
    },
    {
      "tag": "c:gems/source"
    },
    {
      "tag": "c:gems/source"
    }
  ],
  "reagent": {
    "item": "ars_nouveau:dull_trinket"
  },
  "result": {
    "count": 1,
    "id": "ars_nouveau:amulet_of_mana_regen"
  },
  "sourceCost": 0
}