{
  "type": "ars_nouveau:enchantment",
  "enchantment": "minecraft:bane_of_arthropods",
  "level": 4,
  "pedestalItems": [
    {
      "item": "minecraft:fermented_spider_eye"
    },
    {
      "item": "minecraft:fermented_spider_eye"
    },
    {
      "item": "minecraft:fermented_spider_eye"
    },
    {
      "item": "minecraft:fermented_spider_eye"
    },
    {
      "tag": "c:storage_blocks/source"
    },
    {
      "tag": "c:storage_blocks/source"
    },
    {
      "tag": "c:storage_blocks/lapis"
    }
  ],
  "sourceCost": 6500
}