{
  "type": "ars_nouveau:enchanting_apparatus",
  "keepNbtOfReagent": false,
  "pedestalItems": [
    {
      "tag": "c:ingots/gold"
    },
    {
      "tag": "c:ingots/gold"
    },
    {
      "tag": "c:ingots/gold"
    },
    {
      "tag": "c:ingots/gold"
    },
    {
      "item": "minecraft:feather"
    },
    {
      "item": "minecraft:feather"
    },
    {
      "item": "minecraft:feather"
    },
    {
      "item": "ars_nouveau:air_essence"
    }
  ],
  "reagent": {
    "item": "ars_nouveau:mundane_belt"
  },
  "result": {
    "count": 1,
    "id": "ars_nouveau:belt_of_levitation"
  },
  "sourceCost": 0
}