{
  "type": "ars_nouveau:enchanting_apparatus",
  "keepNbtOfReagent": false,
  "pedestalItems": [
    {
      "item": "minecraft:sugar"
    },
    {
      "tag": "c:crops/nether_wart"
    },
    {
      "tag": "c:rods/blaze"
    },
    {
      "tag": "c:dusts/glowstone"
    },
    {
      "item": "minecraft:fermented_spider_eye"
    },
    {
      "tag": "c:dusts/redstone"
    },
    {
      "item": "minecraft:brewing_stand"
    },
    {
      "tag": "c:feathers"
    }
  ],
  "reagent": {
    "item": "ars_nouveau:mundane_belt"
  },
  "result": {
    "count": 1,
    "id": "ars_nouveau:belt_of_unstable_gifts"
  },
  "sourceCost": 0
}