{
  "type": "ars_nouveau:enchantment",
  "enchantment": "minecraft:efficiency",
  "level": 4,
  "pedestalItems": [
    {
      "tag": "c:storage_blocks/redstone"
    },
    {
      "tag": "c:storage_blocks/redstone"
    },
    {
      "item": "minecraft:diamond_pickaxe"
    },
    {
      "item": "minecraft:iron_shovel"
    },
    {
      "tag": "c:storage_blocks/source"
    },
    {
      "tag": "c:storage_blocks/source"
    },
    {
      "tag": "c:obsidians"
    },
    {
      "tag": "c:obsidians"
    }
  ],
  "sourceCost": 6500
}