{
  "type": "ars_nouveau:enchantment",
  "enchantment": "minecraft:fortune",
  "level": 3,
  "pedestalItems": [
    {
      "item": "ars_nouveau:earth_essence"
    },
    {
      "item": "ars_nouveau:earth_essence"
    },
    {
      "item": "ars_nouveau:earth_essence"
    },
    {
      "tag": "c:storage_blocks/diamond"
    },
    {
      "tag": "c:storage_blocks/lapis"
    },
    {
      "tag": "c:storage_blocks/lapis"
    },
    {
      "tag": "c:storage_blocks/source"
    },
    {
      "tag": "c:storage_blocks/source"
    }
  ],
  "sourceCost": 9000
}