{
  "type": "ars_nouveau:enchantment",
  "enchantment": "minecraft:fortune",
  "level": 1,
  "pedestalItems": [
    {
      "item": "ars_nouveau:earth_essence"
    },
    {
      "tag": "c:gems/diamond"
    },
    {
      "tag": "c:storage_blocks/source"
    },
    {
      "tag": "c:storage_blocks/source"
    },
    {
      "tag": "c:storage_blocks/source"
    },
    {
      "tag": "c:storage_blocks/source"
    },
    {
      "tag": "c:storage_blocks/source"
    },
    {
      "tag": "c:storage_blocks/source"
    }
  ],
  "sourceCost": 6000
}