{
  "type": "ars_nouveau:glyph",
  "exp": 27,
  "inputs": [
    {
      "tag": "c:glass_blocks"
    },
    {
      "tag": "c:glass_blocks"
    },
    {
      "tag": "c:glass_blocks"
    },
    {
      "tag": "c:glass_blocks"
    },
    {
      "tag": "c:glass_blocks"
    },
    {
      "tag": "c:glass_blocks"
    },
    {
      "tag": "c:glass_blocks"
    },
    {
      "tag": "c:glass_blocks"
    }
  ],
  "output": {
    "count": 1,
    "id": "ars_nouveau:glyph_pantomime"
  }
}