{
  "type": "ars_nouveau:enchantment",
  "enchantment": "ars_nouveau:mana_regen",
  "level": 2,
  "pedestalItems": [
    {
      "item": "ars_nouveau:sourceberry_bush"
    },
    {
      "item": "ars_nouveau:sourceberry_bush"
    },
    {
      "item": "ars_nouveau:abjuration_essence"
    },
    {
      "item": "ars_nouveau:abjuration_essence"
    },
    {
      "tag": "c:storage_blocks/source"
    },
    {
      "tag": "c:storage_blocks/source"
    },
    {
      "tag": "c:storage_blocks/lapis"
    },
    {
      "tag": "c:storage_blocks/lapis"
    }
  ],
  "sourceCost": 3500
}