{
  "type": "ars_nouveau:enchantment",
  "enchantment": "ars_nouveau:mana_boost",
  "level": 3,
  "pedestalItems": [
    {
      "item": "ars_nouveau:sourceberry_bush"
    },
    {
      "tag": "c:gems/diamond"
    },
    {
      "tag": "c:gems/diamond"
    },
    {
      "tag": "c:storage_blocks/source"
    },
    {
      "tag": "c:storage_blocks/source"
    },
    {
      "tag": "c:storage_blocks/source"
    },
    {
      "tag": "c:storage_blocks/source"
    },
    {
      "tag": "c:storage_blocks/lapis"
    }
  ],
  "sourceCost": 5000
}