{
  "type": "ars_nouveau:enchantment",
  "enchantment": "minecraft:piercing",
  "level": 4,
  "pedestalItems": [
    {
      "item": "ars_nouveau:manipulation_essence"
    },
    {
      "item": "ars_nouveau:manipulation_essence"
    },
    {
      "item": "ars_nouveau:manipulation_essence"
    },
    {
      "item": "ars_nouveau:manipulation_essence"
    },
    {
      "tag": "c:storage_blocks/source"
    },
    {
      "tag": "c:storage_blocks/source"
    },
    {
      "tag": "c:storage_blocks/lapis"
    },
    {
      "tag": "c:storage_blocks/lapis"
    }
  ],
  "sourceCost": 9000
}