{
  "type": "ars_nouveau:enchanting_apparatus",
  "keepNbtOfReagent": false,
  "pedestalItems": [
    {
      "tag": "c:ingots/gold"
    },
    {
      "tag": "c:ingots/gold"
    },
    {
      "tag": "c:ingots/gold"
    },
    {
      "item": "ars_nouveau:archwood_planks"
    },
    {
      "item": "ars_nouveau:archwood_planks"
    },
    {
      "item": "ars_nouveau:archwood_planks"
    }
  ],
  "reagent": {
    "item": "minecraft:campfire"
  },
  "result": {
    "count": 1,
    "id": "ars_nouveau:potion_diffuser"
  },
  "sourceCost": 0
}