{
  "type": "ars_nouveau:enchantment",
  "enchantment": "ars_nouveau:reactive",
  "level": 2,
  "pedestalItems": [
    {
      "item": "minecraft:blaze_powder"
    },
    {
      "item": "minecraft:blaze_powder"
    },
    {
      "item": "minecraft:blaze_powder"
    },
    {
      "item": "minecraft:blaze_powder"
    },
    {
      "item": "ars_nouveau:air_essence"
    },
    {
      "item": "ars_nouveau:earth_essence"
    },
    {
      "item": "ars_nouveau:fire_essence"
    },
    {
      "item": "ars_nouveau:water_essence"
    }
  ],
  "sourceCost": 6000
}