{
  "type": "ars_nouveau:enchanting_apparatus",
  "keepNbtOfReagent": false,
  "pedestalItems": [
    {
      "tag": "c:gems/quartz"
    },
    {
      "tag": "c:gems/quartz"
    },
    {
      "tag": "c:gems/quartz"
    },
    {
      "tag": "c:gems/quartz"
    },
    {
      "tag": "c:gems/lapis"
    },
    {
      "tag": "c:gems/lapis"
    },
    {
      "tag": "c:gems/lapis"
    },
    {
      "tag": "c:gems/lapis"
    }
  ],
  "reagent": {
    "item": "ars_nouveau:relay"
  },
  "result": {
    "count": 1,
    "id": "ars_nouveau:relay_splitter"
  },
  "sourceCost": 0
}