{
  "type": "ars_nouveau:enchanting_apparatus",
  "keepNbtOfReagent": false,
  "pedestalItems": [
    {
      "tag": "c:gems/diamond"
    },
    {
      "tag": "c:gems/diamond"
    },
    {
      "tag": "c:gems/diamond"
    },
    {
      "tag": "c:gems/diamond"
    },
    {
      "tag": "c:rods/blaze"
    },
    {
      "tag": "c:rods/blaze"
    },
    {
      "tag": "c:gems/source"
    },
    {
      "tag": "c:gems/source"
    }
  ],
  "reagent": {
    "item": "ars_nouveau:ring_of_lesser_discount"
  },
  "result": {
    "count": 1,
    "id": "ars_nouveau:ring_of_greater_discount"
  },
  "sourceCost": 0
}