{
  "type": "minecraft:crafting_shapeless",
  "category": "misc",
  "ingredients": [
    {
      "item": "ars_nouveau:green_archwood_log"
    },
    {
      "item": "minecraft:poppy"
    },
    {
      "item": "minecraft:poppy"
    },
    {
      "item": "minecraft:poppy"
    },
    {
      "item": "minecraft:dandelion"
    },
    {
      "item": "minecraft:dandelion"
    },
    {
      "item": "minecraft:dandelion"
    },
    {
      "item": "ars_nouveau:earth_essence"
    }
  ],
  "result": {
    "count": 1,
    "id": "ars_nouveau:ritual_flowering"
  }
}