{
  "type": "minecraft:crafting_shapeless",
  "category": "misc",
  "ingredients": [
    {
      "item": "ars_nouveau:green_archwood_log"
    },
    {
      "item": "minecraft:wheat"
    },
    {
      "item": "minecraft:wheat"
    },
    {
      "item": "minecraft:wheat"
    },
    {
      "item": "minecraft:golden_apple"
    },
    {
      "item": "minecraft:blaze_powder"
    },
    {
      "item": "minecraft:blaze_powder"
    }
  ],
  "result": {
    "count": 1,
    "id": "ars_nouveau:ritual_fertility"
  }
}