{
  "type": "ars_nouveau:enchantment",
  "enchantment": "minecraft:smite",
  "level": 5,
  "pedestalItems": [
    {
      "item": "minecraft:bone_block"
    },
    {
      "item": "minecraft:bone_block"
    },
    {
      "item": "minecraft:bone_block"
    },
    {
      "item": "minecraft:bone_block"
    },
    {
      "tag": "c:storage_blocks/source"
    },
    {
      "tag": "c:storage_blocks/source"
    },
    {
      "tag": "c:storage_blocks/lapis"
    },
    {
      "tag": "c:storage_blocks/lapis"
    }
  ],
  "sourceCost": 8000
}