{
  "type": "ars_nouveau:enchanting_apparatus",
  "keepNbtOfReagent": true,
  "pedestalItems": [
    {
      "item": "ars_nouveau:magebloom_fiber"
    },
    {
      "item": "ars_nouveau:magebloom_fiber"
    },
    {
      "item": "ars_nouveau:magebloom_fiber"
    },
    {
      "item": "ars_nouveau:magebloom_fiber"
    }
  ],
  "reagent": {
    "item": "minecraft:golden_helmet"
  },
  "result": {
    "count": 1,
    "id": "ars_nouveau:sorcerer_hood"
  },
  "sourceCost": 0
}