{
  "type": "ars_nouveau:enchanting_apparatus",
  "keepNbtOfReagent": false,
  "pedestalItems": [
    {
      "item": "ars_nouveau:wixie_shards"
    },
    {
      "item": "ars_nouveau:wixie_shards"
    },
    {
      "item": "ars_nouveau:wixie_shards"
    },
    {
      "item": "ars_nouveau:abjuration_essence"
    },
    {
      "item": "ars_nouveau:abjuration_essence"
    },
    {
      "tag": "c:crops/nether_wart"
    },
    {
      "tag": "c:crops/nether_wart"
    },
    {
      "item": "minecraft:blaze_rod"
    }
  ],
  "reagent": {
    "item": "ars_nouveau:blank_thread"
  },
  "result": {
    "count": 1,
    "id": "ars_nouveau:thread_wixie"
  },
  "sourceCost": 0
}