{
  "type": "ars_nouveau:enchanting_apparatus",
  "keepNbtOfReagent": false,
  "pedestalItems": [
    {
      "tag": "c:feathers"
    },
    {
      "tag": "c:feathers"
    },
    {
      "tag": "c:feathers"
    },
    {
      "tag": "c:feathers"
    },
    {
      "item": "ars_nouveau:abjuration_essence"
    },
    {
      "item": "ars_nouveau:abjuration_essence"
    }
  ],
  "reagent": {
    "item": "ars_nouveau:blank_thread"
  },
  "result": {
    "count": 1,
    "id": "ars_nouveau:thread_feather"
  },
  "sourceCost": 0
}