{
  "type": "ars_nouveau:enchanting_apparatus",
  "keepNbtOfReagent": false,
  "pedestalItems": [
    {
      "item": "ars_nouveau:starbuncle_shards"
    },
    {
      "item": "ars_nouveau:starbuncle_shards"
    },
    {
      "item": "ars_nouveau:starbuncle_shards"
    },
    {
      "item": "minecraft:sugar"
    },
    {
      "item": "minecraft:sugar"
    },
    {
      "item": "minecraft:sugar"
    },
    {
      "item": "ars_nouveau:manipulation_essence"
    },
    {
      "item": "ars_nouveau:manipulation_essence"
    }
  ],
  "reagent": {
    "item": "ars_nouveau:blank_thread"
  },
  "result": {
    "count": 1,
    "id": "ars_nouveau:thread_starbuncle"
  },
  "sourceCost": 0
}