{
  "type": "ars_nouveau:enchanting_apparatus",
  "keepNbtOfReagent": false,
  "pedestalItems": [
    {
      "tag": "c:gems/source"
    },
    {
      "tag": "c:gems/source"
    },
    {
      "tag": "c:gems/source"
    },
    {
      "tag": "c:gems/source"
    },
    {
      "tag": "c:ingots/gold"
    },
    {
      "tag": "c:ingots/gold"
    },
    {
      "item": "ars_nouveau:air_essence"
    },
    {
      "item": "ars_nouveau:manipulation_essence"
    }
  ],
  "reagent": {
    "tag": "c:logs/archwood"
  },
  "result": {
    "count": 1,
    "id": "ars_nouveau:wand"
  },
  "sourceCost": 0
}