{
  "type": "ars_nouveau:enchanting_apparatus",
  "keepNbtOfReagent": false,
  "pedestalItems": [
    {
      "tag": "c:gems/source"
    },
    {
      "item": "ars_nouveau:magebloom_crop"
    },
    {
      "item": "ars_nouveau:magebloom"
    },
    {
      "tag": "c:gems/diamond"
    },
    {
      "item": "minecraft:oak_sapling"
    },
    {
      "item": "minecraft:spruce_sapling"
    },
    {
      "item": "minecraft:birch_sapling"
    },
    {
      "tag": "c:seeds/wheat"
    }
  ],
  "reagent": {
    "item": "ars_nouveau:whirlisprig_shards"
  },
  "result": {
    "count": 1,
    "id": "ars_nouveau:whirlisprig_charm"
  },
  "sourceCost": 0
}