{
  "type": "minecraft:entity",
  "pools": [
    {
      "bonus_rolls": 0.0,
      "conditions": [
        {
          "chance": 0.25,
          "condition": "minecraft:random_chance_with_looting",
          "looting_multiplier": 0.03
        }
      ],
      "entries": [
        {
          "type": "minecraft:item",
          "functions": [
            {
              "add": false,
              "count": {
                "type": "minecraft:uniform",
                "max": 3.0,
                "min": 1.0
              },
              "function": "minecraft:set_count"
            }
          ],
          "name": "elementalcraft:fire_shard",
          "weight": 10
        },
        {
          "type": "minecraft:item",
          "conditions": [
            {
              "condition": "minecraft:killed_by_player"
            }
          ],
          "name": "elementalcraft:powerful_fire_shard"
        }
      ],
      "rolls": 1.0
    }
  ]
}