{
  "name": "elementalcraft_jewel.elementalcraft.arctic_hares",
  "category": "elementalcraft:jewels",
  "icon": "elementalcraft:jewel{elementalcraft:{jewel:'elementalcraft:arctic_hares'}}",
  "advancement": "elementalcraft:pickup/swift_alloy_ingot",
  "turnin": "elementalcraft:pickup/unset_jewel",
  "sortnum": 9,
  "pages": [
    {
      "type": "text",
      "text": "elementalcraft.page.arctic_hares0"
    },
    {
      "type": "crafting",
      "recipe": "elementalcraft:jewel/arctic_hares"
    }
  ]
}
