{
  "name": "elementalcraft_jewel.elementalcraft.water_strider",
  "category": "elementalcraft:jewels",
  "icon": "elementalcraft:jewel{elementalcraft:{jewel:'elementalcraft:water_strider'}}",
  "advancement": "elementalcraft:pickup/swift_alloy_ingot",
  "turnin": "elementalcraft:pickup/unset_jewel",
  "sortnum": 12,
  "pages": [
    {
      "type": "text",
      "text": "elementalcraft.page.water_strider0"
    },
    {
      "type": "crafting",
      "recipe": "elementalcraft:jewel/water_strider"
    }
  ]
}
