{
  "type": "apotheosis:attribute",
  "attribute": "irons_spellbooks:max_mana",
  "operation": "ADDITION",
  "values": {
    "common": {
      "min": 25,
      "steps": 1,
      "step": 5
    },
    "uncommon": {
      "min": 35,
      "steps": 1,
      "step": 5
    },
    "rare": {
      "min": 45,
      "steps": 1,
      "step": 5
    },
    "epic": {
      "min": 55,
      "steps": 1,
      "step": 5
    },
    "mythic": {
      "min": 65,
      "steps": 1,
      "step": 5
    },
    "ancient": {
      "min": 75,
      "steps": 1,
      "step": 5
    }
  },
  "types": [
    "curios:spellbook"
  ]
}