{
	"format_version": "1.12.0",
	"minecraft:geometry": [
		{
			"description": {
				"identifier": "geometry.unknown",
				"texture_width": 128,
				"texture_height": 64,
				"visible_bounds_width": 3,
				"visible_bounds_height": 4.5,
				"visible_bounds_offset": [0, 1.75, 0]
			},
			"bones": [
				{
					"name": "master",
					"pivot": [0, 18, 0]
				},
				{
					"name": "torso",
					"parent": "master",
					"pivot": [0, 14, -0.33333],
					"cubes": [
						{"origin": [-7.5, 21, -8], "size": [15, 7, 15], "uv": [0, 0]},
						{"origin": [-6.5, 14, -7], "size": [13, 7, 13], "uv": [76, 0]}
					]
				},
				{
					"name": "flame_bott",
					"parent": "torso",
					"pivot": [0, 13.5, -1],
					"cubes": [
						{"origin": [-3, 13, -4], "size": [6, 1, 6], "uv": [32, 22]}
					]
				},
				{
					"name": "r_arm",
					"parent": "master",
					"pivot": [-7.5, 24, 0]
				},
				{
					"name": "arm_r",
					"parent": "r_arm",
					"pivot": [-12.5, 19, 0],
					"cubes": [
						{"origin": [-15.5, 12, -3], "size": [6, 14, 6], "uv": [40, 43]}
					]
				},
				{
					"name": "l_arm",
					"parent": "master",
					"pivot": [7.5, 24, 0]
				},
				{
					"name": "arm_l",
					"parent": "l_arm",
					"pivot": [12.5, 19, 0],
					"cubes": [
						{"origin": [9.5, 12, -3], "size": [6, 14, 6], "uv": [40, 43], "mirror": true}
					]
				},
				{
					"name": "head",
					"parent": "master",
					"pivot": [0, 28.75, 0],
					"cubes": [
						{"origin": [-5, 29, -5], "size": [10, 9, 10], "uv": [0, 41]},
						{"origin": [-5, 36, -5], "size": [10, 2, 10], "inflate": 0.2, "uv": [0, 41]},
						{"origin": [-5.1, 34.7, -5.1], "size": [1, 1, 10.2], "inflate": 0.1, "uv": [106, 53]},
						{"origin": [4.1, 34.7, -5.1], "size": [1, 1, 10.2], "inflate": 0.1, "uv": [106, 42]}
					]
				},
				{
					"name": "horns",
					"parent": "head",
					"pivot": [0, -1, 0]
				},
				{
					"name": "horn2",
					"parent": "horns",
					"pivot": [-5.125, 40.625, 0],
					"rotation": [0, 0, -5],
					"cubes": [
						{"origin": [-6.68581, 36.2496, -2], "size": [4, 3, 4], "pivot": [-4.68581, 37.7496, 0], "rotation": [0, 0, -32.5], "uv": [45, 0]},
						{"origin": [-7.35437, 38.08818, -1.5], "size": [3, 2, 3], "pivot": [-6.60829, 40.30857, 0], "rotation": [0, 0, -13.5], "uv": [0, 0]},
						{"origin": [-7.00221, 40.18691, -1], "size": [2, 1, 2], "pivot": [-6.14132, 40.87021, 0], "rotation": [0, 0, -6.5], "uv": [0, 12]},
						{"origin": [-6.48042, 40.0535, -0.5], "size": [1, 2, 1], "pivot": [-6.14132, 40.87021, 0], "rotation": [0, 0, -6.5], "uv": [2, 9]}
					]
				},
				{
					"name": "horn",
					"parent": "horns",
					"pivot": [4.25, 39.5, 0],
					"rotation": [0, 0, 5],
					"cubes": [
						{"origin": [2.84187, 36.10747, -2], "size": [4, 3, 4], "pivot": [4.85043, 38.73821, 0], "rotation": [0, 0, 27.5], "uv": [45, 0]},
						{"origin": [3.45751, 38.8639, -1.5], "size": [3, 2, 3], "pivot": [4.85043, 38.73821, 0], "rotation": [0, 0, 22.5], "uv": [0, 0]}
					]
				}
			]
		}
	]
}