{
  "format_version": "1.12.0",
  "minecraft:geometry": [
    {
      "description": {
        "identifier": "geometry.unknown",
        "texture_width": 64,
        "texture_height": 64,
        "visible_bounds_width": 3,
        "visible_bounds_height": 3.5,
        "visible_bounds_offset": [
          0,
          1.25,
          0
        ]
      },
      "bones": [
        {
          "name": "bipedHead",
          "pivot": [
            0,
            24,
            0
          ]
        },
        {
          "name": "armorHead",
          "parent": "bipedHead",
          "pivot": [
            0,
            24,
            0
          ],
          "cubes": [
            {
              "origin": [
                -4,
                24,
                -4
              ],
              "size": [
                8,
                8,
                8
              ],
              "inflate": 0.5,
              "uv": {
                "north": {
                  "uv": [
                    16,
                    0
                  ],
                  "uv_size": [
                    8,
                    8
                  ]
                },
                "east": {
                  "uv": [
                    16,
                    8
                  ],
                  "uv_size": [
                    8,
                    8
                  ]
                },
                "south": {
                  "uv": [
                    16,
                    16
                  ],
                  "uv_size": [
                    8,
                    8
                  ]
                },
                "west": {
                  "uv": [
                    0,
                    24
                  ],
                  "uv_size": [
                    8,
                    8
                  ]
                },
                "up": {
                  "uv": [
                    24,
                    0
                  ],
                  "uv_size": [
                    8,
                    8
                  ]
                },
                "down": {
                  "uv": [
                    8,
                    32
                  ],
                  "uv_size": [
                    8,
                    -8
                  ]
                }
              }
            },
            {
              "origin": [
                -4,
                25,
                -4
              ],
              "size": [
                8,
                8,
                8
              ],
              "inflate": 0.75,
              "uv": {
                "north": {
                  "uv": [
                    24,
                    8
                  ],
                  "uv_size": [
                    8,
                    8
                  ]
                },
                "east": {
                  "uv": [
                    16,
                    24
                  ],
                  "uv_size": [
                    8,
                    8
                  ]
                },
                "south": {
                  "uv": [
                    24,
                    16
                  ],
                  "uv_size": [
                    8,
                    8
                  ]
                },
                "west": {
                  "uv": [
                    24,
                    24
                  ],
                  "uv_size": [
                    8,
                    8
                  ]
                },
                "up": {
                  "uv": [
                    0,
                    32
                  ],
                  "uv_size": [
                    8,
                    8
                  ]
                },
                "down": {
                  "uv": [
                    32,
                    8
                  ],
                  "uv_size": [
                    8,
                    -8
                  ]
                }
              }
            }
          ]
        },
        {
          "name": "bipedBody",
          "pivot": [
            0,
            24,
            0
          ]
        },
        {
          "name": "armorBody",
          "parent": "bipedBody",
          "pivot": [
            0,
            24,
            0
          ],
          "cubes": [
            {
              "origin": [
                -4,
                12,
                -2
              ],
              "size": [
                8,
                12,
                4
              ],
              "inflate": 0.5,
              "uv": {
                "north": {
                  "uv": [
                    0,
                    0
                  ],
                  "uv_size": [
                    8,
                    12
                  ]
                },
                "east": {
                  "uv": [
                    24,
                    32
                  ],
                  "uv_size": [
                    4,
                    12
                  ]
                },
                "south": {
                  "uv": [
                    8,
                    0
                  ],
                  "uv_size": [
                    8,
                    12
                  ]
                },
                "west": {
                  "uv": [
                    28,
                    32
                  ],
                  "uv_size": [
                    4,
                    12
                  ]
                },
                "up": {
                  "uv": [
                    44,
                    0
                  ],
                  "uv_size": [
                    8,
                    4
                  ]
                },
                "down": {
                  "uv": [
                    44,
                    8
                  ],
                  "uv_size": [
                    8,
                    -4
                  ]
                }
              }
            },
            {
              "origin": [
                -4,
                12,
                -2
              ],
              "size": [
                8,
                12,
                4
              ],
              "inflate": 1,
              "uv": {
                "north": {
                  "uv": [
                    0,
                    12
                  ],
                  "uv_size": [
                    8,
                    12
                  ]
                },
                "east": {
                  "uv": [
                    0,
                    40
                  ],
                  "uv_size": [
                    4,
                    12
                  ]
                },
                "south": {
                  "uv": [
                    8,
                    12
                  ],
                  "uv_size": [
                    8,
                    12
                  ]
                },
                "west": {
                  "uv": [
                    40,
                    0
                  ],
                  "uv_size": [
                    4,
                    12
                  ]
                },
                "up": {
                  "uv": [
                    46,
                    24
                  ],
                  "uv_size": [
                    8,
                    4
                  ]
                },
                "down": {
                  "uv": [
                    46,
                    32
                  ],
                  "uv_size": [
                    8,
                    -4
                  ]
                }
              }
            }
          ]
        },
        {
          "name": "bipedRightArm",
          "pivot": [
            -4,
            22,
            0
          ]
        },
        {
          "name": "armorRightArm",
          "parent": "bipedRightArm",
          "pivot": [
            -4,
            22,
            0
          ]
        },
        {
          "name": "armorRightArmNormal",
          "parent": "armorRightArm",
          "pivot": [
            -4,
            22,
            0
          ],
          "cubes": [
            {
              "origin": [
                -8,
                13,
                -2
              ],
              "size": [
                4,
                12,
                4
              ],
              "inflate": 0.75,
              "uv": {
                "north": {
                  "uv": [
                    32,
                    34
                  ],
                  "uv_size": [
                    4,
                    12
                  ]
                },
                "east": {
                  "uv": [
                    36,
                    8
                  ],
                  "uv_size": [
                    4,
                    12
                  ]
                },
                "south": {
                  "uv": [
                    36,
                    20
                  ],
                  "uv_size": [
                    4,
                    12
                  ]
                },
                "west": {
                  "uv": [
                    36,
                    32
                  ],
                  "uv_size": [
                    4,
                    12
                  ]
                },
                "up": {
                  "uv": [
                    20,
                    45
                  ],
                  "uv_size": [
                    4,
                    4
                  ]
                },
                "down": {
                  "uv": [
                    32,
                    50
                  ],
                  "uv_size": [
                    4,
                    -4
                  ]
                }
              }
            },
            {
              "origin": [
                -8,
                12,
                -2
              ],
              "size": [
                4,
                13,
                4
              ],
              "inflate": 0.5,
              "uv": {
                "north": {
                  "uv": [
                    8,
                    32
                  ],
                  "uv_size": [
                    4,
                    13
                  ]
                },
                "east": {
                  "uv": [
                    32,
                    8
                  ],
                  "uv_size": [
                    4,
                    13
                  ]
                },
                "south": {
                  "uv": [
                    12,
                    32
                  ],
                  "uv_size": [
                    4,
                    13
                  ]
                },
                "west": {
                  "uv": [
                    16,
                    32
                  ],
                  "uv_size": [
                    4,
                    13
                  ]
                },
                "up": {
                  "uv": [
                    48,
                    16
                  ],
                  "uv_size": [
                    4,
                    4
                  ]
                },
                "down": {
                  "uv": [
                    48,
                    24
                  ],
                  "uv_size": [
                    4,
                    -4
                  ]
                }
              }
            }
          ]
        },
        {
          "name": "armorRightArmSlim",
          "parent": "armorRightArm",
          "pivot": [
            -4,
            22,
            0
          ],
          "cubes": [
            {
              "origin": [
                -7,
                13,
                -2
              ],
              "size": [
                3,
                12,
                4
              ],
              "inflate": 0.75,
              "uv": {
                "north": {
                  "uv": [
                    43,
                    24
                  ],
                  "uv_size": [
                    3,
                    12
                  ]
                },
                "east": {
                  "uv": [
                    4,
                    40
                  ],
                  "uv_size": [
                    4,
                    12
                  ]
                },
                "south": {
                  "uv": [
                    43,
                    36
                  ],
                  "uv_size": [
                    3,
                    12
                  ]
                },
                "west": {
                  "uv": [
                    40,
                    12
                  ],
                  "uv_size": [
                    4,
                    12
                  ]
                },
                "up": {
                  "uv": [
                    40,
                    50
                  ],
                  "uv_size": [
                    3,
                    4
                  ]
                },
                "down": {
                  "uv": [
                    50,
                    44
                  ],
                  "uv_size": [
                    3,
                    -4
                  ]
                }
              }
            },
            {
              "origin": [
                -7,
                12,
                -2
              ],
              "size": [
                3,
                13,
                4
              ],
              "inflate": 0.5,
              "uv": {
                "north": {
                  "uv": [
                    40,
                    24
                  ],
                  "uv_size": [
                    3,
                    13
                  ]
                },
                "east": {
                  "uv": [
                    20,
                    32
                  ],
                  "uv_size": [
                    4,
                    13
                  ]
                },
                "south": {
                  "uv": [
                    40,
                    37
                  ],
                  "uv_size": [
                    3,
                    13
                  ]
                },
                "west": {
                  "uv": [
                    32,
                    21
                  ],
                  "uv_size": [
                    4,
                    13
                  ]
                },
                "up": {
                  "uv": [
                    50,
                    32
                  ],
                  "uv_size": [
                    3,
                    4
                  ]
                },
                "down": {
                  "uv": [
                    50,
                    40
                  ],
                  "uv_size": [
                    3,
                    -4
                  ]
                }
              }
            }
          ]
        },
        {
          "name": "bipedLeftArm",
          "pivot": [
            4,
            22,
            0
          ]
        },
        {
          "name": "armorLeftArm",
          "parent": "bipedLeftArm",
          "pivot": [
            4,
            22,
            0
          ]
        },
        {
          "name": "armorLeftArmNormal",
          "parent": "armorLeftArm",
          "pivot": [
            4,
            22,
            0
          ],
          "cubes": [
            {
              "origin": [
                4,
                13,
                -2
              ],
              "size": [
                4,
                12,
                4
              ],
              "inflate": 0.75,
              "uv": {
                "north": {
                  "uv": [
                    36,
                    34
                  ],
                  "uv_size": [
                    -4,
                    12
                  ]
                },
                "east": {
                  "uv": [
                    40,
                    32
                  ],
                  "uv_size": [
                    -4,
                    12
                  ]
                },
                "south": {
                  "uv": [
                    40,
                    20
                  ],
                  "uv_size": [
                    -4,
                    12
                  ]
                },
                "west": {
                  "uv": [
                    40,
                    8
                  ],
                  "uv_size": [
                    -4,
                    12
                  ]
                },
                "up": {
                  "uv": [
                    24,
                    45
                  ],
                  "uv_size": [
                    -4,
                    4
                  ]
                },
                "down": {
                  "uv": [
                    36,
                    50
                  ],
                  "uv_size": [
                    -4,
                    -4
                  ]
                }
              }
            },
            {
              "origin": [
                4,
                12,
                -2
              ],
              "size": [
                4,
                13,
                4
              ],
              "inflate": 0.5,
              "uv": {
                "north": {
                  "uv": [
                    12,
                    32
                  ],
                  "uv_size": [
                    -4,
                    13
                  ]
                },
                "east": {
                  "uv": [
                    20,
                    32
                  ],
                  "uv_size": [
                    -4,
                    13
                  ]
                },
                "south": {
                  "uv": [
                    16,
                    32
                  ],
                  "uv_size": [
                    -4,
                    13
                  ]
                },
                "west": {
                  "uv": [
                    36,
                    8
                  ],
                  "uv_size": [
                    -4,
                    13
                  ]
                },
                "up": {
                  "uv": [
                    52,
                    16
                  ],
                  "uv_size": [
                    -4,
                    4
                  ]
                },
                "down": {
                  "uv": [
                    52,
                    24
                  ],
                  "uv_size": [
                    -4,
                    -4
                  ]
                }
              }
            }
          ]
        },
        {
          "name": "ArmorLeftArmSlim",
          "parent": "armorLeftArm",
          "pivot": [
            4,
            22,
            0
          ],
          "cubes": [
            {
              "origin": [
                4,
                13,
                -2
              ],
              "size": [
                3,
                12,
                4
              ],
              "inflate": 0.75,
              "uv": {
                "north": {
                  "uv": [
                    46,
                    24
                  ],
                  "uv_size": [
                    -3,
                    12
                  ]
                },
                "east": {
                  "uv": [
                    44,
                    12
                  ],
                  "uv_size": [
                    -4,
                    12
                  ]
                },
                "south": {
                  "uv": [
                    46,
                    36
                  ],
                  "uv_size": [
                    -3,
                    12
                  ]
                },
                "west": {
                  "uv": [
                    8,
                    40
                  ],
                  "uv_size": [
                    -4,
                    12
                  ]
                },
                "up": {
                  "uv": [
                    43,
                    50
                  ],
                  "uv_size": [
                    -3,
                    4
                  ]
                },
                "down": {
                  "uv": [
                    53,
                    44
                  ],
                  "uv_size": [
                    -3,
                    -4
                  ]
                }
              }
            },
            {
              "origin": [
                4,
                12,
                -2
              ],
              "size": [
                3,
                13,
                4
              ],
              "inflate": 0.5,
              "uv": {
                "north": {
                  "uv": [
                    43,
                    24
                  ],
                  "uv_size": [
                    -3,
                    13
                  ]
                },
                "east": {
                  "uv": [
                    36,
                    21
                  ],
                  "uv_size": [
                    -4,
                    13
                  ]
                },
                "south": {
                  "uv": [
                    43,
                    37
                  ],
                  "uv_size": [
                    -3,
                    13
                  ]
                },
                "west": {
                  "uv": [
                    24,
                    32
                  ],
                  "uv_size": [
                    -4,
                    13
                  ]
                },
                "up": {
                  "uv": [
                    53,
                    32
                  ],
                  "uv_size": [
                    -3,
                    4
                  ]
                },
                "down": {
                  "uv": [
                    53,
                    40
                  ],
                  "uv_size": [
                    -3,
                    -4
                  ]
                }
              }
            }
          ]
        },
        {
          "name": "bipedLeftLeg",
          "pivot": [
            -2,
            12,
            0
          ]
        },
        {
          "name": "armorLeftLeg",
          "parent": "bipedLeftLeg",
          "pivot": [
            -2,
            12,
            0
          ],
          "cubes": [
            {
              "origin": [
                0,
                4,
                -2
              ],
              "size": [
                4,
                8,
                4
              ],
              "inflate": 0.5,
              "uv": {
                "north": {
                  "uv": [
                    48,
                    8
                  ],
                  "uv_size": [
                    -4,
                    8
                  ]
                },
                "east": {
                  "uv": [
                    32,
                    44
                  ],
                  "uv_size": [
                    -4,
                    8
                  ]
                },
                "south": {
                  "uv": [
                    28,
                    44
                  ],
                  "uv_size": [
                    -4,
                    8
                  ]
                },
                "west": {
                  "uv": [
                    48,
                    16
                  ],
                  "uv_size": [
                    -4,
                    8
                  ]
                },
                "up": {
                  "uv": [
                    50,
                    32
                  ],
                  "uv_size": [
                    -4,
                    4
                  ]
                },
                "down": {
                  "uv": [
                    50,
                    40
                  ],
                  "uv_size": [
                    -4,
                    -4
                  ]
                }
              }
            },
            {
              "origin": [
                0,
                4,
                -2
              ],
              "size": [
                4,
                8,
                4
              ],
              "inflate": 0.75,
              "uv": {
                "north": {
                  "uv": [
                    40,
                    44
                  ],
                  "uv_size": [
                    -4,
                    8
                  ]
                },
                "east": {
                  "uv": [
                    20,
                    45
                  ],
                  "uv_size": [
                    -4,
                    8
                  ]
                },
                "south": {
                  "uv": [
                    16,
                    45
                  ],
                  "uv_size": [
                    -4,
                    8
                  ]
                },
                "west": {
                  "uv": [
                    12,
                    45
                  ],
                  "uv_size": [
                    -4,
                    8
                  ]
                },
                "up": {
                  "uv": [
                    52,
                    8
                  ],
                  "uv_size": [
                    -4,
                    4
                  ]
                },
                "down": {
                  "uv": [
                    52,
                    16
                  ],
                  "uv_size": [
                    -4,
                    -4
                  ]
                }
              }
            }
          ]
        },
        {
          "name": "armorLeftBoot",
          "parent": "bipedLeftLeg",
          "pivot": [
            -2,
            12,
            0
          ],
          "cubes": [
            {
              "origin": [
                0,
                0,
                -2
              ],
              "size": [
                4,
                3,
                4
              ],
              "inflate": 0.5,
              "uv": {
                "north": {
                  "uv": [
                    47,
                    48
                  ],
                  "uv_size": [
                    -4,
                    3
                  ]
                },
                "east": {
                  "uv": [
                    36,
                    50
                  ],
                  "uv_size": [
                    -4,
                    3
                  ]
                },
                "south": {
                  "uv": [
                    24,
                    49
                  ],
                  "uv_size": [
                    -4,
                    3
                  ]
                },
                "west": {
                  "uv": [
                    51,
                    48
                  ],
                  "uv_size": [
                    -4,
                    3
                  ]
                },
                "up": {
                  "uv": [
                    50,
                    40
                  ],
                  "uv_size": [
                    -4,
                    4
                  ]
                },
                "down": {
                  "uv": [
                    50,
                    48
                  ],
                  "uv_size": [
                    -4,
                    -4
                  ]
                }
              }
            }
          ]
        },
        {
          "name": "bipedRightLeg",
          "pivot": [
            2,
            12,
            0
          ]
        },
        {
          "name": "armorRightLeg",
          "parent": "bipedRightLeg",
          "pivot": [
            2,
            12,
            0
          ],
          "cubes": [
            {
              "origin": [
                -4,
                4,
                -2
              ],
              "size": [
                4,
                8,
                4
              ],
              "inflate": 0.5,
              "uv": {
                "north": {
                  "uv": [
                    44,
                    8
                  ],
                  "uv_size": [
                    4,
                    8
                  ]
                },
                "east": {
                  "uv": [
                    44,
                    16
                  ],
                  "uv_size": [
                    4,
                    8
                  ]
                },
                "south": {
                  "uv": [
                    24,
                    44
                  ],
                  "uv_size": [
                    4,
                    8
                  ]
                },
                "west": {
                  "uv": [
                    28,
                    44
                  ],
                  "uv_size": [
                    4,
                    8
                  ]
                },
                "up": {
                  "uv": [
                    46,
                    32
                  ],
                  "uv_size": [
                    4,
                    4
                  ]
                },
                "down": {
                  "uv": [
                    46,
                    40
                  ],
                  "uv_size": [
                    4,
                    -4
                  ]
                }
              }
            },
            {
              "origin": [
                -4,
                4,
                -2
              ],
              "size": [
                4,
                8,
                4
              ],
              "inflate": 0.75,
              "uv": {
                "north": {
                  "uv": [
                    36,
                    44
                  ],
                  "uv_size": [
                    4,
                    8
                  ]
                },
                "east": {
                  "uv": [
                    8,
                    45
                  ],
                  "uv_size": [
                    4,
                    8
                  ]
                },
                "south": {
                  "uv": [
                    12,
                    45
                  ],
                  "uv_size": [
                    4,
                    8
                  ]
                },
                "west": {
                  "uv": [
                    16,
                    45
                  ],
                  "uv_size": [
                    4,
                    8
                  ]
                },
                "up": {
                  "uv": [
                    48,
                    8
                  ],
                  "uv_size": [
                    4,
                    4
                  ]
                },
                "down": {
                  "uv": [
                    48,
                    16
                  ],
                  "uv_size": [
                    4,
                    -4
                  ]
                }
              }
            }
          ]
        },
        {
          "name": "armorRightBoot",
          "parent": "bipedRightLeg",
          "pivot": [
            2,
            12,
            0
          ],
          "cubes": [
            {
              "origin": [
                -4,
                0,
                -2
              ],
              "size": [
                4,
                3,
                4
              ],
              "inflate": 0.5,
              "uv": {
                "north": {
                  "uv": [
                    43,
                    48
                  ],
                  "uv_size": [
                    4,
                    3
                  ]
                },
                "east": {
                  "uv": [
                    47,
                    48
                  ],
                  "uv_size": [
                    4,
                    3
                  ]
                },
                "south": {
                  "uv": [
                    20,
                    49
                  ],
                  "uv_size": [
                    4,
                    3
                  ]
                },
                "west": {
                  "uv": [
                    32,
                    50
                  ],
                  "uv_size": [
                    4,
                    3
                  ]
                },
                "up": {
                  "uv": [
                    46,
                    40
                  ],
                  "uv_size": [
                    4,
                    4
                  ]
                },
                "down": {
                  "uv": [
                    46,
                    48
                  ],
                  "uv_size": [
                    4,
                    -4
                  ]
                }
              }
            }
          ]
        }
      ]
    }
  ]
}