{
	"format_version": "1.12.0",
	"minecraft:geometry": [
		{
			"description": {
				"identifier": "geometry.spell_horn",
				"texture_width": 32,
				"texture_height": 32,
				"visible_bounds_width": 3,
				"visible_bounds_height": 2.5,
				"visible_bounds_offset": [0, 0.75, 0]
			},
			"bones": [
				{
					"name": "bone",
					"pivot": [0, 0, 0],
					"cubes": [
                      {
                        "origin": [
                          -2.79375,
                          0.50437,
                          -7.4825
                        ],
                        "size": [
                          4.5,
                          4,
                          4.5
                        ],
                        "pivot": [
                          -0.61875,
                          5.43618,
                          -4.65748
                        ],
                        "rotation": [
                          72.5,
                          0,
                          0
                        ],
                        "uv": {
                          "north": {
                            "uv": [
                              20,
                              4
                            ],
                            "uv_size": [
                              4,
                              4
                            ]
                          },
                          "east": {
                            "uv": [
                              16,
                              4
                            ],
                            "uv_size": [
                              4,
                              4
                            ]
                          },
                          "south": {
                            "uv": [
                              28,
                              4
                            ],
                            "uv_size": [
                              4,
                              4
                            ]
                          },
                          "west": {
                            "uv": [
                              24,
                              4
                            ],
                            "uv_size": [
                              4,
                              4
                            ]
                          },
                          "up": {
                            "uv": [
                              24,
                              4
                            ],
                            "uv_size": [
                              -4,
                              -4
                            ]
                          },
                          "down": {
                            "uv": [
                              28,
                              4
                            ],
                            "uv_size": [
                              -4,
                              -4
                            ]
                          }
                        }
                      },
                      {
                        "origin": [
                          -2.26875,
                          1.5816,
                          -1.45577
                        ],
                        "size": [
                          3.45,
                          4,
                          6
                        ],
                        "pivot": [
                          -0.54375,
                          3.4566,
                          2.04423
                        ],
                        "rotation": [
                          1.5,
                          0,
                          0
                        ],
                        "uv": {
                          "north": {
                            "uv": [
                              6,
                              28
                            ],
                            "uv_size": [
                              3,
                              4
                            ]
                          },
                          "east": {
                            "uv": [
                              0,
                              28
                            ],
                            "uv_size": [
                              6,
                              4
                            ]
                          },
                          "south": {
                            "uv": [
                              15,
                              28
                            ],
                            "uv_size": [
                              3,
                              4
                            ]
                          },
                          "west": {
                            "uv": [
                              9,
                              28
                            ],
                            "uv_size": [
                              6,
                              4
                            ]
                          },
                          "up": {
                            "uv": [
                              9,
                              28
                            ],
                            "uv_size": [
                              -3,
                              -6
                            ]
                          },
                          "down": {
                            "uv": [
                              12,
                              28
                            ],
                            "uv_size": [
                              -3,
                              -6
                            ]
                          }
                        }
                      },
                      {
                        "origin": [
                          -2,
                          3.23551,
                          3.79184
                        ],
                        "size": [
                          3,
                          3,
                          3
                        ],
                        "pivot": [
                          -0.5225,
                          4.51529,
                          4.53518
                        ],
                        "rotation": [
                          -60.5,
                          0,
                          0
                        ],
                        "uv": {
                          "north": {
                            "uv": [
                              3,
                              3
                            ],
                            "uv_size": [
                              3,
                              3
                            ]
                          },
                          "east": {
                            "uv": [
                              0,
                              3
                            ],
                            "uv_size": [
                              3,
                              3
                            ]
                          },
                          "south": {
                            "uv": [
                              9,
                              3
                            ],
                            "uv_size": [
                              3,
                              3
                            ]
                          },
                          "west": {
                            "uv": [
                              6,
                              3
                            ],
                            "uv_size": [
                              3,
                              3
                            ]
                          },
                          "up": {
                            "uv": [
                              3,
                              0
                            ],
                            "uv_size": [
                              3,
                              3
                            ]
                          },
                          "down": {
                            "uv": [
                              6,
                              3
                            ],
                            "uv_size": [
                              3,
                              -3
                            ]
                          }
                        }
                      },
                      {
                        "origin": [
                          -1.67,
                          5.97898,
                          4.20034
                        ],
                        "size": [
                          2.25,
                          2.25,
                          2.25
                        ],
                        "pivot": [
                          -0.5225,
                          4.51529,
                          4.53518
                        ],
                        "rotation": [
                          -53,
                          0,
                          0
                        ],
                        "uv": {
                          "north": {
                            "uv": [
                              14,
                              2
                            ],
                            "uv_size": [
                              2,
                              2
                            ]
                          },
                          "east": {
                            "uv": [
                              12,
                              2
                            ],
                            "uv_size": [
                              2,
                              2
                            ]
                          },
                          "south": {
                            "uv": [
                              18,
                              2
                            ],
                            "uv_size": [
                              2,
                              2
                            ]
                          },
                          "west": {
                            "uv": [
                              16,
                              2
                            ],
                            "uv_size": [
                              2,
                              2
                            ]
                          },
                          "up": {
                            "uv": [
                              16,
                              2
                            ],
                            "uv_size": [
                              -2,
                              -2
                            ]
                          },
                          "down": {
                            "uv": [
                              18,
                              2
                            ],
                            "uv_size": [
                              -2,
                              -2
                            ]
                          }
                        }
                      }
                    ]
				},
				{
					"name": "bone2",
					"parent": "bone",
					"pivot": [-0.51875, 5.18969, -5.38214],
					"rotation": [-4, 0, 0],
					"cubes": [
                      {
                        "origin": [
                          -3.14375,
                          4.46307,
                          -7.61813
                        ],
                        "size": [
                          5.25,
                          1,
                          5.25
                        ],
                        "pivot": [
                          -0.51875,
                          5.41341,
                          -4.5201
                        ],
                        "rotation": [
                          72.5,
                          0,
                          0
                        ],
                        "uv": {
                          "north": {
                            "uv": [
                              17,
                              13
                            ],
                            "uv_size": [
                              5,
                              1
                            ]
                          },
                          "east": {
                            "uv": [
                              12,
                              13
                            ],
                            "uv_size": [
                              5,
                              1
                            ]
                          },
                          "south": {
                            "uv": [
                              27,
                              13
                            ],
                            "uv_size": [
                              5,
                              1
                            ]
                          },
                          "west": {
                            "uv": [
                              22,
                              13
                            ],
                            "uv_size": [
                              5,
                              1
                            ]
                          },
                          "up": {
                            "uv": [
                              22,
                              13
                            ],
                            "uv_size": [
                              -5,
                              -5
                            ]
                          },
                          "down": {
                            "uv": [
                              27,
                              13
                            ],
                            "uv_size": [
                              -5,
                              -5
                            ]
                          }
                        }
                      },
                      {
                        "origin": [
                          -3.14375,
                          5.88424,
                          -2.99372
                        ],
                        "size": [
                          5.25,
                          2,
                          1.05
                        ],
                        "pivot": [
                          -0.51875,
                          5.33458,
                          -4.02069
                        ],
                        "rotation": [
                          72.5,
                          0,
                          0
                        ],
                        "uv": {
                          "north": {
                            "uv": [
                              1,
                              12
                            ],
                            "uv_size": [
                              5,
                              2
                            ]
                          },
                          "east": {
                            "uv": [
                              0,
                              12
                            ],
                            "uv_size": [
                              1,
                              2
                            ]
                          },
                          "south": {
                            "uv": [
                              7,
                              12
                            ],
                            "uv_size": [
                              5,
                              2
                            ]
                          },
                          "west": {
                            "uv": [
                              6,
                              12
                            ],
                            "uv_size": [
                              1,
                              2
                            ]
                          },
                          "up": {
                            "uv": [
                              1,
                              11
                            ],
                            "uv_size": [
                              5,
                              1
                            ]
                          }
                        }
                      },
                      {
                        "origin": [
                          -3.14375,
                          5.81271,
                          -7.14128
                        ],
                        "size": [
                          5.25,
                          2,
                          1.05
                        ],
                        "pivot": [
                          -0.51875,
                          5.26305,
                          -4.04324
                        ],
                        "rotation": [
                          72.5,
                          0,
                          0
                        ],
                        "uv": {
                          "north": {
                            "uv": [
                              1,
                              15
                            ],
                            "uv_size": [
                              5,
                              2
                            ]
                          },
                          "east": {
                            "uv": [
                              6,
                              15
                            ],
                            "uv_size": [
                              1,
                              2
                            ]
                          },
                          "south": {
                            "uv": [
                              7,
                              15
                            ],
                            "uv_size": [
                              5,
                              2
                            ]
                          },
                          "west": {
                            "uv": [
                              0,
                              15
                            ],
                            "uv_size": [
                              1,
                              2
                            ]
                          },
                          "up": {
                            "uv": [
                              6,
                              15
                            ],
                            "uv_size": [
                              -5,
                              -1
                            ]
                          }
                        }
                      },
                      {
                        "origin": [
                          1.05625,
                          5.66965,
                          -5.98638
                        ],
                        "size": [
                          1.05,
                          2,
                          3.15
                        ],
                        "pivot": [
                          -0.51875,
                          5.11999,
                          -4.08834
                        ],
                        "rotation": [
                          72.5,
                          0,
                          0
                        ],
                        "uv": {
                          "north": {
                            "uv": [
                              12,
                              9
                            ],
                            "uv_size": [
                              1,
                              2
                            ]
                          },
                          "east": {
                            "uv": [
                              13,
                              9
                            ],
                            "uv_size": [
                              3,
                              2
                            ]
                          },
                          "west": {
                            "uv": [
                              9,
                              9
                            ],
                            "uv_size": [
                              3,
                              2
                            ]
                          },
                          "up": {
                            "uv": [
                              13,
                              9
                            ],
                            "uv_size": [
                              -1,
                              -3
                            ]
                          }
                        }
                      },
                      {
                        "origin": [
                          -3.14375,
                          5.66965,
                          -5.98638
                        ],
                        "size": [
                          1.05,
                          2,
                          3.15
                        ],
                        "pivot": [
                          -0.59375,
                          5.11999,
                          -4.08834
                        ],
                        "rotation": [
                          72.5,
                          0,
                          0
                        ],
                        "uv": {
                          "north": {
                            "uv": [
                              4,
                              9
                            ],
                            "uv_size": [
                              -1,
                              2
                            ]
                          },
                          "east": {
                            "uv": [
                              4,
                              9
                            ],
                            "uv_size": [
                              3,
                              2
                            ]
                          },
                          "west": {
                            "uv": [
                              0,
                              9
                            ],
                            "uv_size": [
                              3,
                              2
                            ]
                          },
                          "up": {
                            "uv": [
                              4,
                              9
                            ],
                            "uv_size": [
                              -1,
                              -3
                            ]
                          }
                        }
                      }
                    ]
				},
				{
					"name": "gems",
					"pivot": [3, 2, 0]
				},
				{
					"name": "bone4",
					"parent": "gems",
					"pivot": [-0.55, 3.35178, 2.07304],
					"cubes": [
                      {
                        "origin": [
                          -0.05,
                          2.48458,
                          2.05186
                        ],
                        "size": [
                          2,
                          2,
                          0
                        ],
                        "inflate": -0.5,
                        "pivot": [
                          -0.55,
                          3.38458,
                          1.85186
                        ],
                        "rotation": [
                          -35,
                          0,
                          0
                        ],
                        "uv": {
                          "north": {
                            "uv": [
                              27,
                              30
                            ],
                            "uv_size": [
                              -2,
                              2
                            ]
                          },
                          "east": {
                            "uv": [
                              27,
                              30
                            ],
                            "uv_size": [
                              0,
                              2
                            ]
                          },
                          "south": {
                            "uv": [
                              29,
                              30
                            ],
                            "uv_size": [
                              -2,
                              2
                            ]
                          },
                          "west": {
                            "uv": [
                              25,
                              30
                            ],
                            "uv_size": [
                              0,
                              2
                            ]
                          },
                          "up": {
                            "uv": [
                              27,
                              30
                            ],
                            "uv_size": [
                              -2,
                              0
                            ]
                          },
                          "down": {
                            "uv": [
                              29,
                              30
                            ],
                            "uv_size": [
                              -2,
                              0
                            ]
                          }
                        }
                      },
                      {
                        "origin": [
                          -3.05,
                          2.48458,
                          2.05186
                        ],
                        "size": [
                          2,
                          2,
                          0
                        ],
                        "inflate": -0.5,
                        "pivot": [
                          -0.55,
                          3.38458,
                          1.85186
                        ],
                        "rotation": [
                          -35,
                          0,
                          0
                        ],
                        "uv": {
                          "north": {
                            "uv": [
                              21,
                              30
                            ],
                            "uv_size": [
                              2,
                              2
                            ]
                          },
                          "east": {
                            "uv": [
                              21,
                              30
                            ],
                            "uv_size": [
                              0,
                              2
                            ]
                          },
                          "south": {
                            "uv": [
                              23,
                              30
                            ],
                            "uv_size": [
                              2,
                              2
                            ]
                          },
                          "west": {
                            "uv": [
                              23,
                              30
                            ],
                            "uv_size": [
                              0,
                              2
                            ]
                          },
                          "up": {
                            "uv": [
                              21,
                              30
                            ],
                            "uv_size": [
                              2,
                              0
                            ]
                          },
                          "down": {
                            "uv": [
                              23,
                              30
                            ],
                            "uv_size": [
                              2,
                              0
                            ]
                          }
                        }
                      }
                    ]
				},
				{
					"name": "bone5",
					"parent": "gems",
					"pivot": [-0.5, 3.79467, -1.52332],
					"cubes": [
                      {
                        "origin": [
                          0.5,
                          2.96674,
                          -1.46907
                        ],
                        "size": [
                          2,
                          2,
                          0
                        ],
                        "inflate": -0.5,
                        "pivot": [
                          -0.55,
                          3.96674,
                          -1.76907
                        ],
                        "rotation": [
                          -35,
                          0,
                          0
                        ],
                        "uv": {
                          "north": {
                            "uv": [
                              23,
                              30
                            ],
                            "uv_size": [
                              2,
                              2
                            ]
                          },
                          "east": {
                            "uv": [
                              23,
                              30
                            ],
                            "uv_size": [
                              0,
                              2
                            ]
                          },
                          "south": {
                            "uv": [
                              25,
                              30
                            ],
                            "uv_size": [
                              2,
                              2
                            ]
                          },
                          "west": {
                            "uv": [
                              25,
                              30
                            ],
                            "uv_size": [
                              0,
                              2
                            ]
                          },
                          "up": {
                            "uv": [
                              23,
                              30
                            ],
                            "uv_size": [
                              2,
                              0
                            ]
                          },
                          "down": {
                            "uv": [
                              25,
                              30
                            ],
                            "uv_size": [
                              2,
                              0
                            ]
                          }
                        }
                      },
                      {
                        "origin": [
                          -3.5,
                          2.96674,
                          -1.46907
                        ],
                        "size": [
                          2,
                          2,
                          0
                        ],
                        "inflate": -0.5,
                        "pivot": [
                          -0.55,
                          3.96674,
                          -1.76907
                        ],
                        "rotation": [
                          -35,
                          0,
                          0
                        ],
                        "uv": {
                          "north": {
                            "uv": [
                              25,
                              30
                            ],
                            "uv_size": [
                              -2,
                              2
                            ]
                          },
                          "east": {
                            "uv": [
                              25,
                              30
                            ],
                            "uv_size": [
                              0,
                              2
                            ]
                          },
                          "south": {
                            "uv": [
                              27,
                              30
                            ],
                            "uv_size": [
                              -2,
                              2
                            ]
                          },
                          "west": {
                            "uv": [
                              23,
                              30
                            ],
                            "uv_size": [
                              0,
                              2
                            ]
                          },
                          "up": {
                            "uv": [
                              25,
                              30
                            ],
                            "uv_size": [
                              -2,
                              0
                            ]
                          },
                          "down": {
                            "uv": [
                              27,
                              30
                            ],
                            "uv_size": [
                              -2,
                              0
                            ]
                          }
                        }
                      }
                    ]
				}
			]
		}
	]
}