{
  "format_version": "1.12.0",
  "minecraft:geometry": [
    {
      "description": {
        "identifier": "geometry.unknown",
        "texture_width": 32,
        "texture_height": 32,
        "visible_bounds_width": 2,
        "visible_bounds_height": 2.5,
        "visible_bounds_offset": [
          0,
          0.75,
          0
        ]
      },
      "bones": [
        {
          "name": "spell_turret",
          "pivot": [
            0,
            8,
            -2
          ],
          "cubes": [
            {
              "origin": [
                -3.5,
                4.5,
                -4
              ],
              "size": [
                7,
                7,
                7
              ],
              "uv": {
                "north": {
                  "uv": [
                    0,
                    0
                  ],
                  "uv_size": [
                    7,
                    7
                  ]
                },
                "east": {
                  "uv": [
                    0,
                    7
                  ],
                  "uv_size": [
                    7,
                    7
                  ]
                },
                "south": {
                  "uv": [
                    7,
                    0
                  ],
                  "uv_size": [
                    7,
                    7
                  ]
                },
                "west": {
                  "uv": [
                    7,
                    7
                  ],
                  "uv_size": [
                    7,
                    7
                  ]
                },
                "up": {
                  "uv": [
                    0,
                    14
                  ],
                  "uv_size": [
                    7,
                    7
                  ]
                },
                "down": {
                  "uv": [
                    14,
                    7
                  ],
                  "uv_size": [
                    7,
                    -7
                  ]
                }
              }
            },
            {
              "origin": [
                -1.5,
                6.5,
                3
              ],
              "size": [
                3,
                3,
                1
              ],
              "uv": {
                "north": {
                  "uv": [
                    16,
                    18
                  ],
                  "uv_size": [
                    3,
                    3
                  ]
                },
                "east": {
                  "uv": [
                    13,
                    19
                  ],
                  "uv_size": [
                    1,
                    3
                  ]
                },
                "south": {
                  "uv": [
                    7,
                    19
                  ],
                  "uv_size": [
                    3,
                    3
                  ]
                },
                "west": {
                  "uv": [
                    19,
                    18
                  ],
                  "uv_size": [
                    1,
                    3
                  ]
                },
                "up": {
                  "uv": [
                    19,
                    10
                  ],
                  "uv_size": [
                    3,
                    1
                  ]
                },
                "down": {
                  "uv": [
                    19,
                    12
                  ],
                  "uv_size": [
                    3,
                    -1
                  ]
                }
              }
            }
          ]
        },
        {
          "name": "bone",
          "parent": "spell_turret",
          "pivot": [
            0,
            8,
            -4.5
          ],
          "cubes": [
            {
              "origin": [
                -0.5,
                12.5,
                -6
              ],
              "size": [
                1,
                1,
                9
              ],
              "uv": {
                "north": {
                  "uv": [
                    22,
                    7
                  ],
                  "uv_size": [
                    1,
                    1
                  ]
                },
                "east": {
                  "uv": [
                    16,
                    16
                  ],
                  "uv_size": [
                    9,
                    1
                  ]
                },
                "south": {
                  "uv": [
                    8,
                    22
                  ],
                  "uv_size": [
                    1,
                    1
                  ]
                },
                "west": {
                  "uv": [
                    14,
                    17
                  ],
                  "uv_size": [
                    9,
                    1
                  ]
                },
                "up": {
                  "uv": [
                    14,
                    18
                  ],
                  "uv_size": [
                    1,
                    9
                  ]
                },
                "down": {
                  "uv": [
                    15,
                    27
                  ],
                  "uv_size": [
                    1,
                    -9
                  ]
                }
              }
            },
            {
              "origin": [
                -0.5,
                13.5,
                2
              ],
              "size": [
                1,
                2,
                1
              ],
              "uv": {
                "north": {
                  "uv": [
                    1,
                    22
                  ],
                  "uv_size": [
                    1,
                    2
                  ]
                },
                "east": {
                  "uv": [
                    2,
                    22
                  ],
                  "uv_size": [
                    1,
                    2
                  ]
                },
                "south": {
                  "uv": [
                    3,
                    22
                  ],
                  "uv_size": [
                    1,
                    2
                  ]
                },
                "west": {
                  "uv": [
                    4,
                    22
                  ],
                  "uv_size": [
                    1,
                    2
                  ]
                },
                "up": {
                  "uv": [
                    18,
                    22
                  ],
                  "uv_size": [
                    1,
                    1
                  ]
                },
                "down": {
                  "uv": [
                    19,
                    23
                  ],
                  "uv_size": [
                    1,
                    -1
                  ]
                }
              }
            },
            {
              "origin": [
                -0.5,
                14.5,
                1
              ],
              "size": [
                1,
                1,
                1
              ],
              "uv": {
                "north": {
                  "uv": [
                    20,
                    22
                  ],
                  "uv_size": [
                    1,
                    1
                  ]
                },
                "east": {
                  "uv": [
                    22,
                    20
                  ],
                  "uv_size": [
                    1,
                    1
                  ]
                },
                "south": {
                  "uv": [
                    21,
                    22
                  ],
                  "uv_size": [
                    1,
                    1
                  ]
                },
                "west": {
                  "uv": [
                    22,
                    21
                  ],
                  "uv_size": [
                    1,
                    1
                  ]
                },
                "up": {
                  "uv": [
                    22,
                    22
                  ],
                  "uv_size": [
                    1,
                    1
                  ]
                },
                "down": {
                  "uv": [
                    23,
                    1
                  ],
                  "uv_size": [
                    1,
                    -1
                  ]
                }
              }
            },
            {
              "origin": [
                -0.5,
                11.5,
                1
              ],
              "size": [
                1,
                1,
                1
              ],
              "uv": {
                "north": {
                  "uv": [
                    8,
                    23
                  ],
                  "uv_size": [
                    1,
                    1
                  ]
                },
                "east": {
                  "uv": [
                    9,
                    23
                  ],
                  "uv_size": [
                    1,
                    1
                  ]
                },
                "south": {
                  "uv": [
                    10,
                    23
                  ],
                  "uv_size": [
                    1,
                    1
                  ]
                },
                "west": {
                  "uv": [
                    23,
                    10
                  ],
                  "uv_size": [
                    1,
                    1
                  ]
                },
                "up": {
                  "uv": [
                    11,
                    23
                  ],
                  "uv_size": [
                    1,
                    1
                  ]
                },
                "down": {
                  "uv": [
                    23,
                    12
                  ],
                  "uv_size": [
                    1,
                    -1
                  ]
                }
              }
            },
            {
              "origin": [
                -0.5,
                11.5,
                -3
              ],
              "size": [
                1,
                1,
                1
              ],
              "uv": {
                "north": {
                  "uv": [
                    23,
                    1
                  ],
                  "uv_size": [
                    1,
                    1
                  ]
                },
                "east": {
                  "uv": [
                    5,
                    23
                  ],
                  "uv_size": [
                    1,
                    1
                  ]
                },
                "south": {
                  "uv": [
                    23,
                    5
                  ],
                  "uv_size": [
                    1,
                    1
                  ]
                },
                "west": {
                  "uv": [
                    6,
                    23
                  ],
                  "uv_size": [
                    1,
                    1
                  ]
                },
                "up": {
                  "uv": [
                    23,
                    6
                  ],
                  "uv_size": [
                    1,
                    1
                  ]
                },
                "down": {
                  "uv": [
                    23,
                    8
                  ],
                  "uv_size": [
                    1,
                    -1
                  ]
                }
              }
            },
            {
              "origin": [
                -0.5,
                9.5,
                -6
              ],
              "size": [
                1,
                3,
                1
              ],
              "uv": {
                "north": {
                  "uv": [
                    19,
                    7
                  ],
                  "uv_size": [
                    1,
                    3
                  ]
                },
                "east": {
                  "uv": [
                    10,
                    19
                  ],
                  "uv_size": [
                    1,
                    3
                  ]
                },
                "south": {
                  "uv": [
                    11,
                    19
                  ],
                  "uv_size": [
                    1,
                    3
                  ]
                },
                "west": {
                  "uv": [
                    12,
                    19
                  ],
                  "uv_size": [
                    1,
                    3
                  ]
                },
                "up": {
                  "uv": [
                    9,
                    22
                  ],
                  "uv_size": [
                    1,
                    1
                  ]
                },
                "down": {
                  "uv": [
                    10,
                    23
                  ],
                  "uv_size": [
                    1,
                    -1
                  ]
                }
              }
            },
            {
              "origin": [
                -0.5,
                9.5,
                -8
              ],
              "size": [
                1,
                1,
                2
              ],
              "uv": {
                "north": {
                  "uv": [
                    22,
                    10
                  ],
                  "uv_size": [
                    1,
                    1
                  ]
                },
                "east": {
                  "uv": [
                    21,
                    18
                  ],
                  "uv_size": [
                    2,
                    1
                  ]
                },
                "south": {
                  "uv": [
                    11,
                    22
                  ],
                  "uv_size": [
                    1,
                    1
                  ]
                },
                "west": {
                  "uv": [
                    21,
                    19
                  ],
                  "uv_size": [
                    2,
                    1
                  ]
                },
                "up": {
                  "uv": [
                    21,
                    20
                  ],
                  "uv_size": [
                    1,
                    2
                  ]
                },
                "down": {
                  "uv": [
                    22,
                    2
                  ],
                  "uv_size": [
                    1,
                    -2
                  ]
                }
              }
            },
            {
              "origin": [
                -0.5,
                10.5,
                -8
              ],
              "size": [
                1,
                1,
                1
              ],
              "uv": {
                "north": {
                  "uv": [
                    22,
                    11
                  ],
                  "uv_size": [
                    1,
                    1
                  ]
                },
                "east": {
                  "uv": [
                    12,
                    22
                  ],
                  "uv_size": [
                    1,
                    1
                  ]
                },
                "south": {
                  "uv": [
                    22,
                    12
                  ],
                  "uv_size": [
                    1,
                    1
                  ]
                },
                "west": {
                  "uv": [
                    13,
                    22
                  ],
                  "uv_size": [
                    1,
                    1
                  ]
                },
                "up": {
                  "uv": [
                    22,
                    13
                  ],
                  "uv_size": [
                    1,
                    1
                  ]
                },
                "down": {
                  "uv": [
                    22,
                    15
                  ],
                  "uv_size": [
                    1,
                    -1
                  ]
                }
              }
            }
          ]
        },
        {
          "name": "bone2",
          "parent": "spell_turret",
          "pivot": [
            0,
            8,
            -4.5
          ],
          "rotation": [
            0,
            0,
            90
          ],
          "cubes": [
            {
              "origin": [
                -0.5,
                12.5,
                -6
              ],
              "size": [
                1,
                1,
                9
              ],
              "uv": {
                "north": {
                  "uv": [
                    22,
                    7
                  ],
                  "uv_size": [
                    1,
                    1
                  ]
                },
                "east": {
                  "uv": [
                    16,
                    16
                  ],
                  "uv_size": [
                    9,
                    1
                  ]
                },
                "south": {
                  "uv": [
                    8,
                    22
                  ],
                  "uv_size": [
                    1,
                    1
                  ]
                },
                "west": {
                  "uv": [
                    14,
                    17
                  ],
                  "uv_size": [
                    9,
                    1
                  ]
                },
                "up": {
                  "uv": [
                    14,
                    18
                  ],
                  "uv_size": [
                    1,
                    9
                  ]
                },
                "down": {
                  "uv": [
                    15,
                    27
                  ],
                  "uv_size": [
                    1,
                    -9
                  ]
                }
              }
            },
            {
              "origin": [
                -0.5,
                13.5,
                2
              ],
              "size": [
                1,
                2,
                1
              ],
              "uv": {
                "north": {
                  "uv": [
                    1,
                    22
                  ],
                  "uv_size": [
                    1,
                    2
                  ]
                },
                "east": {
                  "uv": [
                    2,
                    22
                  ],
                  "uv_size": [
                    1,
                    2
                  ]
                },
                "south": {
                  "uv": [
                    3,
                    22
                  ],
                  "uv_size": [
                    1,
                    2
                  ]
                },
                "west": {
                  "uv": [
                    4,
                    22
                  ],
                  "uv_size": [
                    1,
                    2
                  ]
                },
                "up": {
                  "uv": [
                    18,
                    22
                  ],
                  "uv_size": [
                    1,
                    1
                  ]
                },
                "down": {
                  "uv": [
                    19,
                    23
                  ],
                  "uv_size": [
                    1,
                    -1
                  ]
                }
              }
            },
            {
              "origin": [
                -0.5,
                14.5,
                1
              ],
              "size": [
                1,
                1,
                1
              ],
              "uv": {
                "north": {
                  "uv": [
                    20,
                    22
                  ],
                  "uv_size": [
                    1,
                    1
                  ]
                },
                "east": {
                  "uv": [
                    22,
                    20
                  ],
                  "uv_size": [
                    1,
                    1
                  ]
                },
                "south": {
                  "uv": [
                    21,
                    22
                  ],
                  "uv_size": [
                    1,
                    1
                  ]
                },
                "west": {
                  "uv": [
                    22,
                    21
                  ],
                  "uv_size": [
                    1,
                    1
                  ]
                },
                "up": {
                  "uv": [
                    22,
                    22
                  ],
                  "uv_size": [
                    1,
                    1
                  ]
                },
                "down": {
                  "uv": [
                    23,
                    1
                  ],
                  "uv_size": [
                    1,
                    -1
                  ]
                }
              }
            },
            {
              "origin": [
                -0.5,
                11.5,
                1
              ],
              "size": [
                1,
                1,
                1
              ],
              "uv": {
                "north": {
                  "uv": [
                    8,
                    23
                  ],
                  "uv_size": [
                    1,
                    1
                  ]
                },
                "east": {
                  "uv": [
                    9,
                    23
                  ],
                  "uv_size": [
                    1,
                    1
                  ]
                },
                "south": {
                  "uv": [
                    10,
                    23
                  ],
                  "uv_size": [
                    1,
                    1
                  ]
                },
                "west": {
                  "uv": [
                    23,
                    10
                  ],
                  "uv_size": [
                    1,
                    1
                  ]
                },
                "up": {
                  "uv": [
                    11,
                    23
                  ],
                  "uv_size": [
                    1,
                    1
                  ]
                },
                "down": {
                  "uv": [
                    23,
                    12
                  ],
                  "uv_size": [
                    1,
                    -1
                  ]
                }
              }
            },
            {
              "origin": [
                -0.5,
                11.5,
                -3
              ],
              "size": [
                1,
                1,
                1
              ],
              "uv": {
                "north": {
                  "uv": [
                    23,
                    1
                  ],
                  "uv_size": [
                    1,
                    1
                  ]
                },
                "east": {
                  "uv": [
                    5,
                    23
                  ],
                  "uv_size": [
                    1,
                    1
                  ]
                },
                "south": {
                  "uv": [
                    23,
                    5
                  ],
                  "uv_size": [
                    1,
                    1
                  ]
                },
                "west": {
                  "uv": [
                    6,
                    23
                  ],
                  "uv_size": [
                    1,
                    1
                  ]
                },
                "up": {
                  "uv": [
                    23,
                    6
                  ],
                  "uv_size": [
                    1,
                    1
                  ]
                },
                "down": {
                  "uv": [
                    23,
                    8
                  ],
                  "uv_size": [
                    1,
                    -1
                  ]
                }
              }
            },
            {
              "origin": [
                -0.5,
                9.5,
                -6
              ],
              "size": [
                1,
                3,
                1
              ],
              "uv": {
                "north": {
                  "uv": [
                    19,
                    7
                  ],
                  "uv_size": [
                    1,
                    3
                  ]
                },
                "east": {
                  "uv": [
                    10,
                    19
                  ],
                  "uv_size": [
                    1,
                    3
                  ]
                },
                "south": {
                  "uv": [
                    11,
                    19
                  ],
                  "uv_size": [
                    1,
                    3
                  ]
                },
                "west": {
                  "uv": [
                    12,
                    19
                  ],
                  "uv_size": [
                    1,
                    3
                  ]
                },
                "up": {
                  "uv": [
                    9,
                    22
                  ],
                  "uv_size": [
                    1,
                    1
                  ]
                },
                "down": {
                  "uv": [
                    10,
                    23
                  ],
                  "uv_size": [
                    1,
                    -1
                  ]
                }
              }
            },
            {
              "origin": [
                -0.5,
                9.5,
                -8
              ],
              "size": [
                1,
                1,
                2
              ],
              "uv": {
                "north": {
                  "uv": [
                    22,
                    10
                  ],
                  "uv_size": [
                    1,
                    1
                  ]
                },
                "east": {
                  "uv": [
                    21,
                    18
                  ],
                  "uv_size": [
                    2,
                    1
                  ]
                },
                "south": {
                  "uv": [
                    11,
                    22
                  ],
                  "uv_size": [
                    1,
                    1
                  ]
                },
                "west": {
                  "uv": [
                    21,
                    19
                  ],
                  "uv_size": [
                    2,
                    1
                  ]
                },
                "up": {
                  "uv": [
                    21,
                    20
                  ],
                  "uv_size": [
                    1,
                    2
                  ]
                },
                "down": {
                  "uv": [
                    22,
                    2
                  ],
                  "uv_size": [
                    1,
                    -2
                  ]
                }
              }
            },
            {
              "origin": [
                -0.5,
                10.5,
                -8
              ],
              "size": [
                1,
                1,
                1
              ],
              "uv": {
                "north": {
                  "uv": [
                    22,
                    11
                  ],
                  "uv_size": [
                    1,
                    1
                  ]
                },
                "east": {
                  "uv": [
                    12,
                    22
                  ],
                  "uv_size": [
                    1,
                    1
                  ]
                },
                "south": {
                  "uv": [
                    22,
                    12
                  ],
                  "uv_size": [
                    1,
                    1
                  ]
                },
                "west": {
                  "uv": [
                    13,
                    22
                  ],
                  "uv_size": [
                    1,
                    1
                  ]
                },
                "up": {
                  "uv": [
                    22,
                    13
                  ],
                  "uv_size": [
                    1,
                    1
                  ]
                },
                "down": {
                  "uv": [
                    22,
                    15
                  ],
                  "uv_size": [
                    1,
                    -1
                  ]
                }
              }
            }
          ]
        },
        {
          "name": "bone3",
          "parent": "spell_turret",
          "pivot": [
            0,
            8,
            -4.5
          ],
          "rotation": [
            0,
            0,
            -180
          ],
          "cubes": [
            {
              "origin": [
                -0.5,
                12.5,
                -6
              ],
              "size": [
                1,
                1,
                9
              ],
              "uv": {
                "north": {
                  "uv": [
                    22,
                    7
                  ],
                  "uv_size": [
                    1,
                    1
                  ]
                },
                "east": {
                  "uv": [
                    16,
                    16
                  ],
                  "uv_size": [
                    9,
                    1
                  ]
                },
                "south": {
                  "uv": [
                    8,
                    22
                  ],
                  "uv_size": [
                    1,
                    1
                  ]
                },
                "west": {
                  "uv": [
                    14,
                    17
                  ],
                  "uv_size": [
                    9,
                    1
                  ]
                },
                "up": {
                  "uv": [
                    14,
                    18
                  ],
                  "uv_size": [
                    1,
                    9
                  ]
                },
                "down": {
                  "uv": [
                    15,
                    27
                  ],
                  "uv_size": [
                    1,
                    -9
                  ]
                }
              }
            },
            {
              "origin": [
                -0.5,
                13.5,
                2
              ],
              "size": [
                1,
                2,
                1
              ],
              "uv": {
                "north": {
                  "uv": [
                    1,
                    22
                  ],
                  "uv_size": [
                    1,
                    2
                  ]
                },
                "east": {
                  "uv": [
                    2,
                    22
                  ],
                  "uv_size": [
                    1,
                    2
                  ]
                },
                "south": {
                  "uv": [
                    3,
                    22
                  ],
                  "uv_size": [
                    1,
                    2
                  ]
                },
                "west": {
                  "uv": [
                    4,
                    22
                  ],
                  "uv_size": [
                    1,
                    2
                  ]
                },
                "up": {
                  "uv": [
                    18,
                    22
                  ],
                  "uv_size": [
                    1,
                    1
                  ]
                },
                "down": {
                  "uv": [
                    19,
                    23
                  ],
                  "uv_size": [
                    1,
                    -1
                  ]
                }
              }
            },
            {
              "origin": [
                -0.5,
                14.5,
                1
              ],
              "size": [
                1,
                1,
                1
              ],
              "uv": {
                "north": {
                  "uv": [
                    20,
                    22
                  ],
                  "uv_size": [
                    1,
                    1
                  ]
                },
                "east": {
                  "uv": [
                    22,
                    20
                  ],
                  "uv_size": [
                    1,
                    1
                  ]
                },
                "south": {
                  "uv": [
                    21,
                    22
                  ],
                  "uv_size": [
                    1,
                    1
                  ]
                },
                "west": {
                  "uv": [
                    22,
                    21
                  ],
                  "uv_size": [
                    1,
                    1
                  ]
                },
                "up": {
                  "uv": [
                    22,
                    22
                  ],
                  "uv_size": [
                    1,
                    1
                  ]
                },
                "down": {
                  "uv": [
                    23,
                    1
                  ],
                  "uv_size": [
                    1,
                    -1
                  ]
                }
              }
            },
            {
              "origin": [
                -0.5,
                11.5,
                1
              ],
              "size": [
                1,
                1,
                1
              ],
              "uv": {
                "north": {
                  "uv": [
                    8,
                    23
                  ],
                  "uv_size": [
                    1,
                    1
                  ]
                },
                "east": {
                  "uv": [
                    9,
                    23
                  ],
                  "uv_size": [
                    1,
                    1
                  ]
                },
                "south": {
                  "uv": [
                    10,
                    23
                  ],
                  "uv_size": [
                    1,
                    1
                  ]
                },
                "west": {
                  "uv": [
                    23,
                    10
                  ],
                  "uv_size": [
                    1,
                    1
                  ]
                },
                "up": {
                  "uv": [
                    11,
                    23
                  ],
                  "uv_size": [
                    1,
                    1
                  ]
                },
                "down": {
                  "uv": [
                    23,
                    12
                  ],
                  "uv_size": [
                    1,
                    -1
                  ]
                }
              }
            },
            {
              "origin": [
                -0.5,
                11.5,
                -3
              ],
              "size": [
                1,
                1,
                1
              ],
              "uv": {
                "north": {
                  "uv": [
                    23,
                    1
                  ],
                  "uv_size": [
                    1,
                    1
                  ]
                },
                "east": {
                  "uv": [
                    5,
                    23
                  ],
                  "uv_size": [
                    1,
                    1
                  ]
                },
                "south": {
                  "uv": [
                    23,
                    5
                  ],
                  "uv_size": [
                    1,
                    1
                  ]
                },
                "west": {
                  "uv": [
                    6,
                    23
                  ],
                  "uv_size": [
                    1,
                    1
                  ]
                },
                "up": {
                  "uv": [
                    23,
                    6
                  ],
                  "uv_size": [
                    1,
                    1
                  ]
                },
                "down": {
                  "uv": [
                    23,
                    8
                  ],
                  "uv_size": [
                    1,
                    -1
                  ]
                }
              }
            },
            {
              "origin": [
                -0.5,
                9.5,
                -6
              ],
              "size": [
                1,
                3,
                1
              ],
              "uv": {
                "north": {
                  "uv": [
                    19,
                    7
                  ],
                  "uv_size": [
                    1,
                    3
                  ]
                },
                "east": {
                  "uv": [
                    10,
                    19
                  ],
                  "uv_size": [
                    1,
                    3
                  ]
                },
                "south": {
                  "uv": [
                    11,
                    19
                  ],
                  "uv_size": [
                    1,
                    3
                  ]
                },
                "west": {
                  "uv": [
                    12,
                    19
                  ],
                  "uv_size": [
                    1,
                    3
                  ]
                },
                "up": {
                  "uv": [
                    9,
                    22
                  ],
                  "uv_size": [
                    1,
                    1
                  ]
                },
                "down": {
                  "uv": [
                    10,
                    23
                  ],
                  "uv_size": [
                    1,
                    -1
                  ]
                }
              }
            },
            {
              "origin": [
                -0.5,
                9.5,
                -8
              ],
              "size": [
                1,
                1,
                2
              ],
              "uv": {
                "north": {
                  "uv": [
                    22,
                    10
                  ],
                  "uv_size": [
                    1,
                    1
                  ]
                },
                "east": {
                  "uv": [
                    21,
                    18
                  ],
                  "uv_size": [
                    2,
                    1
                  ]
                },
                "south": {
                  "uv": [
                    11,
                    22
                  ],
                  "uv_size": [
                    1,
                    1
                  ]
                },
                "west": {
                  "uv": [
                    21,
                    19
                  ],
                  "uv_size": [
                    2,
                    1
                  ]
                },
                "up": {
                  "uv": [
                    21,
                    20
                  ],
                  "uv_size": [
                    1,
                    2
                  ]
                },
                "down": {
                  "uv": [
                    22,
                    2
                  ],
                  "uv_size": [
                    1,
                    -2
                  ]
                }
              }
            },
            {
              "origin": [
                -0.5,
                10.5,
                -8
              ],
              "size": [
                1,
                1,
                1
              ],
              "uv": {
                "north": {
                  "uv": [
                    22,
                    11
                  ],
                  "uv_size": [
                    1,
                    1
                  ]
                },
                "east": {
                  "uv": [
                    12,
                    22
                  ],
                  "uv_size": [
                    1,
                    1
                  ]
                },
                "south": {
                  "uv": [
                    22,
                    12
                  ],
                  "uv_size": [
                    1,
                    1
                  ]
                },
                "west": {
                  "uv": [
                    13,
                    22
                  ],
                  "uv_size": [
                    1,
                    1
                  ]
                },
                "up": {
                  "uv": [
                    22,
                    13
                  ],
                  "uv_size": [
                    1,
                    1
                  ]
                },
                "down": {
                  "uv": [
                    22,
                    15
                  ],
                  "uv_size": [
                    1,
                    -1
                  ]
                }
              }
            }
          ]
        },
        {
          "name": "bone4",
          "parent": "spell_turret",
          "pivot": [
            0,
            8,
            -4.5
          ],
          "rotation": [
            0,
            0,
            -90
          ],
          "cubes": [
            {
              "origin": [
                -0.5,
                12.5,
                -6
              ],
              "size": [
                1,
                1,
                9
              ],
              "uv": {
                "north": {
                  "uv": [
                    22,
                    7
                  ],
                  "uv_size": [
                    1,
                    1
                  ]
                },
                "east": {
                  "uv": [
                    16,
                    16
                  ],
                  "uv_size": [
                    9,
                    1
                  ]
                },
                "south": {
                  "uv": [
                    8,
                    22
                  ],
                  "uv_size": [
                    1,
                    1
                  ]
                },
                "west": {
                  "uv": [
                    14,
                    17
                  ],
                  "uv_size": [
                    9,
                    1
                  ]
                },
                "up": {
                  "uv": [
                    14,
                    18
                  ],
                  "uv_size": [
                    1,
                    9
                  ]
                },
                "down": {
                  "uv": [
                    15,
                    27
                  ],
                  "uv_size": [
                    1,
                    -9
                  ]
                }
              }
            },
            {
              "origin": [
                -0.5,
                13.5,
                2
              ],
              "size": [
                1,
                2,
                1
              ],
              "uv": {
                "north": {
                  "uv": [
                    1,
                    22
                  ],
                  "uv_size": [
                    1,
                    2
                  ]
                },
                "east": {
                  "uv": [
                    2,
                    22
                  ],
                  "uv_size": [
                    1,
                    2
                  ]
                },
                "south": {
                  "uv": [
                    3,
                    22
                  ],
                  "uv_size": [
                    1,
                    2
                  ]
                },
                "west": {
                  "uv": [
                    4,
                    22
                  ],
                  "uv_size": [
                    1,
                    2
                  ]
                },
                "up": {
                  "uv": [
                    18,
                    22
                  ],
                  "uv_size": [
                    1,
                    1
                  ]
                },
                "down": {
                  "uv": [
                    19,
                    23
                  ],
                  "uv_size": [
                    1,
                    -1
                  ]
                }
              }
            },
            {
              "origin": [
                -0.5,
                14.5,
                1
              ],
              "size": [
                1,
                1,
                1
              ],
              "uv": {
                "north": {
                  "uv": [
                    20,
                    22
                  ],
                  "uv_size": [
                    1,
                    1
                  ]
                },
                "east": {
                  "uv": [
                    22,
                    20
                  ],
                  "uv_size": [
                    1,
                    1
                  ]
                },
                "south": {
                  "uv": [
                    21,
                    22
                  ],
                  "uv_size": [
                    1,
                    1
                  ]
                },
                "west": {
                  "uv": [
                    22,
                    21
                  ],
                  "uv_size": [
                    1,
                    1
                  ]
                },
                "up": {
                  "uv": [
                    22,
                    22
                  ],
                  "uv_size": [
                    1,
                    1
                  ]
                },
                "down": {
                  "uv": [
                    23,
                    1
                  ],
                  "uv_size": [
                    1,
                    -1
                  ]
                }
              }
            },
            {
              "origin": [
                -0.5,
                11.5,
                1
              ],
              "size": [
                1,
                1,
                1
              ],
              "uv": {
                "north": {
                  "uv": [
                    8,
                    23
                  ],
                  "uv_size": [
                    1,
                    1
                  ]
                },
                "east": {
                  "uv": [
                    9,
                    23
                  ],
                  "uv_size": [
                    1,
                    1
                  ]
                },
                "south": {
                  "uv": [
                    10,
                    23
                  ],
                  "uv_size": [
                    1,
                    1
                  ]
                },
                "west": {
                  "uv": [
                    23,
                    10
                  ],
                  "uv_size": [
                    1,
                    1
                  ]
                },
                "up": {
                  "uv": [
                    11,
                    23
                  ],
                  "uv_size": [
                    1,
                    1
                  ]
                },
                "down": {
                  "uv": [
                    23,
                    12
                  ],
                  "uv_size": [
                    1,
                    -1
                  ]
                }
              }
            },
            {
              "origin": [
                -0.5,
                11.5,
                -3
              ],
              "size": [
                1,
                1,
                1
              ],
              "uv": {
                "north": {
                  "uv": [
                    23,
                    1
                  ],
                  "uv_size": [
                    1,
                    1
                  ]
                },
                "east": {
                  "uv": [
                    5,
                    23
                  ],
                  "uv_size": [
                    1,
                    1
                  ]
                },
                "south": {
                  "uv": [
                    23,
                    5
                  ],
                  "uv_size": [
                    1,
                    1
                  ]
                },
                "west": {
                  "uv": [
                    6,
                    23
                  ],
                  "uv_size": [
                    1,
                    1
                  ]
                },
                "up": {
                  "uv": [
                    23,
                    6
                  ],
                  "uv_size": [
                    1,
                    1
                  ]
                },
                "down": {
                  "uv": [
                    23,
                    8
                  ],
                  "uv_size": [
                    1,
                    -1
                  ]
                }
              }
            },
            {
              "origin": [
                -0.5,
                9.5,
                -6
              ],
              "size": [
                1,
                3,
                1
              ],
              "uv": {
                "north": {
                  "uv": [
                    19,
                    7
                  ],
                  "uv_size": [
                    1,
                    3
                  ]
                },
                "east": {
                  "uv": [
                    10,
                    19
                  ],
                  "uv_size": [
                    1,
                    3
                  ]
                },
                "south": {
                  "uv": [
                    11,
                    19
                  ],
                  "uv_size": [
                    1,
                    3
                  ]
                },
                "west": {
                  "uv": [
                    12,
                    19
                  ],
                  "uv_size": [
                    1,
                    3
                  ]
                },
                "up": {
                  "uv": [
                    9,
                    22
                  ],
                  "uv_size": [
                    1,
                    1
                  ]
                },
                "down": {
                  "uv": [
                    10,
                    23
                  ],
                  "uv_size": [
                    1,
                    -1
                  ]
                }
              }
            },
            {
              "origin": [
                -0.5,
                9.5,
                -8
              ],
              "size": [
                1,
                1,
                2
              ],
              "uv": {
                "north": {
                  "uv": [
                    22,
                    10
                  ],
                  "uv_size": [
                    1,
                    1
                  ]
                },
                "east": {
                  "uv": [
                    21,
                    18
                  ],
                  "uv_size": [
                    2,
                    1
                  ]
                },
                "south": {
                  "uv": [
                    11,
                    22
                  ],
                  "uv_size": [
                    1,
                    1
                  ]
                },
                "west": {
                  "uv": [
                    21,
                    19
                  ],
                  "uv_size": [
                    2,
                    1
                  ]
                },
                "up": {
                  "uv": [
                    21,
                    20
                  ],
                  "uv_size": [
                    1,
                    2
                  ]
                },
                "down": {
                  "uv": [
                    22,
                    2
                  ],
                  "uv_size": [
                    1,
                    -2
                  ]
                }
              }
            },
            {
              "origin": [
                -0.5,
                10.5,
                -8
              ],
              "size": [
                1,
                1,
                1
              ],
              "uv": {
                "north": {
                  "uv": [
                    22,
                    11
                  ],
                  "uv_size": [
                    1,
                    1
                  ]
                },
                "east": {
                  "uv": [
                    12,
                    22
                  ],
                  "uv_size": [
                    1,
                    1
                  ]
                },
                "south": {
                  "uv": [
                    22,
                    12
                  ],
                  "uv_size": [
                    1,
                    1
                  ]
                },
                "west": {
                  "uv": [
                    13,
                    22
                  ],
                  "uv_size": [
                    1,
                    1
                  ]
                },
                "up": {
                  "uv": [
                    22,
                    13
                  ],
                  "uv_size": [
                    1,
                    1
                  ]
                },
                "down": {
                  "uv": [
                    22,
                    15
                  ],
                  "uv_size": [
                    1,
                    -1
                  ]
                }
              }
            }
          ]
        },
        {
          "name": "gem",
          "parent": "spell_turret",
          "pivot": [
            0,
            8,
            4
          ],
          "cubes": [
            {
              "origin": [
                -0.5,
                7.5,
                4
              ],
              "size": [
                1,
                1,
                2
              ],
              "uv": {
                "north": {
                  "uv": [
                    12,
                    23
                  ],
                  "uv_size": [
                    1,
                    1
                  ]
                },
                "east": {
                  "uv": [
                    22,
                    2
                  ],
                  "uv_size": [
                    2,
                    1
                  ]
                },
                "south": {
                  "uv": [
                    23,
                    12
                  ],
                  "uv_size": [
                    1,
                    1
                  ]
                },
                "west": {
                  "uv": [
                    5,
                    22
                  ],
                  "uv_size": [
                    2,
                    1
                  ]
                },
                "up": {
                  "uv": [
                    22,
                    5
                  ],
                  "uv_size": [
                    1,
                    2
                  ]
                },
                "down": {
                  "uv": [
                    7,
                    24
                  ],
                  "uv_size": [
                    1,
                    -2
                  ]
                }
              }
            },
            {
              "origin": [
                -3.5,
                7.5,
                5
              ],
              "size": [
                3,
                1,
                1
              ],
              "uv": {
                "north": {
                  "uv": [
                    1,
                    21
                  ],
                  "uv_size": [
                    3,
                    1
                  ]
                },
                "east": {
                  "uv": [
                    20,
                    23
                  ],
                  "uv_size": [
                    1,
                    1
                  ]
                },
                "south": {
                  "uv": [
                    21,
                    3
                  ],
                  "uv_size": [
                    3,
                    1
                  ]
                },
                "west": {
                  "uv": [
                    23,
                    20
                  ],
                  "uv_size": [
                    1,
                    1
                  ]
                },
                "up": {
                  "uv": [
                    4,
                    21
                  ],
                  "uv_size": [
                    3,
                    1
                  ]
                },
                "down": {
                  "uv": [
                    21,
                    5
                  ],
                  "uv_size": [
                    3,
                    -1
                  ]
                }
              }
            },
            {
              "origin": [
                -3.5,
                7.5,
                6
              ],
              "size": [
                1,
                1,
                1
              ],
              "uv": {
                "north": {
                  "uv": [
                    21,
                    23
                  ],
                  "uv_size": [
                    1,
                    1
                  ]
                },
                "east": {
                  "uv": [
                    23,
                    21
                  ],
                  "uv_size": [
                    1,
                    1
                  ]
                },
                "south": {
                  "uv": [
                    22,
                    23
                  ],
                  "uv_size": [
                    1,
                    1
                  ]
                },
                "west": {
                  "uv": [
                    23,
                    22
                  ],
                  "uv_size": [
                    1,
                    1
                  ]
                },
                "up": {
                  "uv": [
                    23,
                    23
                  ],
                  "uv_size": [
                    1,
                    1
                  ]
                },
                "down": {
                  "uv": [
                    0,
                    25
                  ],
                  "uv_size": [
                    1,
                    -1
                  ]
                }
              }
            },
            {
              "origin": [
                0.5,
                7.5,
                5
              ],
              "size": [
                3,
                1,
                1
              ],
              "uv": {
                "north": {
                  "uv": [
                    21,
                    8
                  ],
                  "uv_size": [
                    3,
                    1
                  ]
                },
                "east": {
                  "uv": [
                    24,
                    7
                  ],
                  "uv_size": [
                    1,
                    1
                  ]
                },
                "south": {
                  "uv": [
                    21,
                    9
                  ],
                  "uv_size": [
                    3,
                    1
                  ]
                },
                "west": {
                  "uv": [
                    8,
                    24
                  ],
                  "uv_size": [
                    1,
                    1
                  ]
                },
                "up": {
                  "uv": [
                    21,
                    15
                  ],
                  "uv_size": [
                    3,
                    1
                  ]
                },
                "down": {
                  "uv": [
                    18,
                    22
                  ],
                  "uv_size": [
                    3,
                    -1
                  ]
                }
              }
            },
            {
              "origin": [
                2.5,
                7.5,
                6
              ],
              "size": [
                1,
                1,
                1
              ],
              "uv": {
                "north": {
                  "uv": [
                    24,
                    4
                  ],
                  "uv_size": [
                    1,
                    1
                  ]
                },
                "east": {
                  "uv": [
                    5,
                    24
                  ],
                  "uv_size": [
                    1,
                    1
                  ]
                },
                "south": {
                  "uv": [
                    24,
                    5
                  ],
                  "uv_size": [
                    1,
                    1
                  ]
                },
                "west": {
                  "uv": [
                    6,
                    24
                  ],
                  "uv_size": [
                    1,
                    1
                  ]
                },
                "up": {
                  "uv": [
                    24,
                    6
                  ],
                  "uv_size": [
                    1,
                    1
                  ]
                },
                "down": {
                  "uv": [
                    7,
                    25
                  ],
                  "uv_size": [
                    1,
                    -1
                  ]
                }
              }
            },
            {
              "origin": [
                -0.5,
                4.5,
                5
              ],
              "size": [
                1,
                3,
                1
              ],
              "uv": {
                "north": {
                  "uv": [
                    20,
                    7
                  ],
                  "uv_size": [
                    1,
                    3
                  ]
                },
                "east": {
                  "uv": [
                    20,
                    18
                  ],
                  "uv_size": [
                    1,
                    3
                  ]
                },
                "south": {
                  "uv": [
                    0,
                    21
                  ],
                  "uv_size": [
                    1,
                    3
                  ]
                },
                "west": {
                  "uv": [
                    21,
                    0
                  ],
                  "uv_size": [
                    1,
                    3
                  ]
                },
                "up": {
                  "uv": [
                    13,
                    23
                  ],
                  "uv_size": [
                    1,
                    1
                  ]
                },
                "down": {
                  "uv": [
                    23,
                    14
                  ],
                  "uv_size": [
                    1,
                    -1
                  ]
                }
              }
            },
            {
              "origin": [
                -0.5,
                4.5,
                6
              ],
              "size": [
                1,
                1,
                1
              ],
              "uv": {
                "north": {
                  "uv": [
                    23,
                    14
                  ],
                  "uv_size": [
                    1,
                    1
                  ]
                },
                "east": {
                  "uv": [
                    23,
                    17
                  ],
                  "uv_size": [
                    1,
                    1
                  ]
                },
                "south": {
                  "uv": [
                    18,
                    23
                  ],
                  "uv_size": [
                    1,
                    1
                  ]
                },
                "west": {
                  "uv": [
                    23,
                    18
                  ],
                  "uv_size": [
                    1,
                    1
                  ]
                },
                "up": {
                  "uv": [
                    19,
                    23
                  ],
                  "uv_size": [
                    1,
                    1
                  ]
                },
                "down": {
                  "uv": [
                    23,
                    20
                  ],
                  "uv_size": [
                    1,
                    -1
                  ]
                }
              }
            },
            {
              "origin": [
                -0.5,
                8.5,
                5
              ],
              "size": [
                1,
                3,
                1
              ],
              "uv": {
                "north": {
                  "uv": [
                    21,
                    5
                  ],
                  "uv_size": [
                    1,
                    3
                  ]
                },
                "east": {
                  "uv": [
                    21,
                    12
                  ],
                  "uv_size": [
                    1,
                    3
                  ]
                },
                "south": {
                  "uv": [
                    16,
                    21
                  ],
                  "uv_size": [
                    1,
                    3
                  ]
                },
                "west": {
                  "uv": [
                    17,
                    21
                  ],
                  "uv_size": [
                    1,
                    3
                  ]
                },
                "up": {
                  "uv": [
                    24,
                    3
                  ],
                  "uv_size": [
                    1,
                    1
                  ]
                },
                "down": {
                  "uv": [
                    4,
                    25
                  ],
                  "uv_size": [
                    1,
                    -1
                  ]
                }
              }
            },
            {
              "origin": [
                -0.5,
                10.5,
                6
              ],
              "size": [
                1,
                1,
                1
              ],
              "uv": {
                "north": {
                  "uv": [
                    24,
                    0
                  ],
                  "uv_size": [
                    1,
                    1
                  ]
                },
                "east": {
                  "uv": [
                    1,
                    24
                  ],
                  "uv_size": [
                    1,
                    1
                  ]
                },
                "south": {
                  "uv": [
                    24,
                    1
                  ],
                  "uv_size": [
                    1,
                    1
                  ]
                },
                "west": {
                  "uv": [
                    2,
                    24
                  ],
                  "uv_size": [
                    1,
                    1
                  ]
                },
                "up": {
                  "uv": [
                    24,
                    2
                  ],
                  "uv_size": [
                    1,
                    1
                  ]
                },
                "down": {
                  "uv": [
                    3,
                    25
                  ],
                  "uv_size": [
                    1,
                    -1
                  ]
                }
              }
            },
            {
              "origin": [
                -2.5,
                5.5,
                6
              ],
              "size": [
                5,
                5,
                2
              ],
              "uv": {
                "north": {
                  "uv": [
                    14,
                    7
                  ],
                  "uv_size": [
                    5,
                    5
                  ]
                },
                "east": {
                  "uv": [
                    12,
                    14
                  ],
                  "uv_size": [
                    2,
                    5
                  ]
                },
                "south": {
                  "uv": [
                    14,
                    7
                  ],
                  "uv_size": [
                    5,
                    5
                  ]
                },
                "west": {
                  "uv": [
                    14,
                    12
                  ],
                  "uv_size": [
                    2,
                    5
                  ]
                },
                "up": {
                  "uv": [
                    16,
                    12
                  ],
                  "uv_size": [
                    5,
                    2
                  ]
                },
                "down": {
                  "uv": [
                    16,
                    16
                  ],
                  "uv_size": [
                    5,
                    -2
                  ]
                }
              }
            }
          ]
        }
      ]
    }
  ]
}