{
	"format_version": "1.12.0",
	"minecraft:geometry": [
		{
			"description": {
				"identifier": "geometry.unknown",
				"texture_width": 64,
				"texture_height": 64,
				"visible_bounds_width": 3,
				"visible_bounds_height": 6.5,
				"visible_bounds_offset": [0, 2.75, 0]
			},
			"bones": [
				{
					"name": "master",
					"pivot": [0, 0, 0]
				},
				{
					"name": "tip",
					"parent": "master",
					"pivot": [0, 18.5, 0],
					"cubes": [
						{"origin": [0, 17, -2], "size": [0, 5, 4], "uv": [0, 4]},
						{"origin": [0, 17, -2], "size": [0, 5, 4], "pivot": [0, 18.5, 0], "rotation": [0, -90, 0], "uv": [0, 4]}
					]
				},
				{
					"name": "3",
					"parent": "master",
					"pivot": [0, 0, 0],
					"cubes": [
						{"origin": [-2, 13, -2], "size": [4, 4, 4], "uv": [0, 0]}
					]
				},
				{
					"name": "2",
					"parent": "master",
					"pivot": [0, 0, 0],
					"cubes": [
						{"origin": [-4, 9, -4], "size": [8, 4, 8], "uv": [0, 38]}
					]
				},
				{
					"name": "1",
					"parent": "master",
					"pivot": [0, 0, 0],
					"cubes": [
						{"origin": [-6, 5, -6], "size": [12, 4, 12], "uv": [0, 21]}
					]
				},
				{
					"name": "base",
					"parent": "master",
					"pivot": [0, 0, 0],
					"cubes": [
						{"origin": [-8, 0, -8], "size": [16, 5, 16], "uv": [0, 0]}
					]
				}
			]
		}
	]
}