{
  "type": "minecraft:crafting_shapeless",
  "ingredients": [
    {
      "item": "minecraft:gold_ingot"
    },
    {
      "item": "minecraft:gold_ingot"
    },
    {
      "item": "minecraft:gold_ingot"
    },
    {
      "item": "minecraft:gold_ingot"
    },
    {
      "item": "minecraft:leather"
    },
    {
      "item": "minecraft:string"
    },
    {
      "item": "minecraft:string"
    }
  ],
  "result": {
    "id": "gauntlets:gold_gauntlet",
    "count": 1
  }
}