{
  "type": "minecraft:block",
  "pools": [
    {
      "rolls": 1,
      "entries": [
        {
          "type": "minecraft:item",
          "name": "mna:rune_ritual_metal"
        }
      ],
      "conditions": [
        {
          "condition": "minecraft:survives_explosion"          
        },
        {
        	"condition": "minecraft:block_state_property",
        	"block": "mna:chalk_rune",
        	"properties": {
        		"metal": true
        	}
        }
      ]
    }
  ]
}