{
  "type": "minecraft:block",
  "pools": [
    {
      "rolls": 1,
      "entries": [
        {
          "type": "minecraft:item",
          "name": "mna:mana_coffee"
        }
      ],
      "conditions": [
        {
          "condition": "minecraft:block_state_property",
          "block": "mna:clay_mug",
          "properties": {
            "has_liquid": "true"
          }
        }
      ]
    },
    {
      "rolls": 1,
      "entries": [
        {
          "type": "minecraft:item",
          "name": "mna:clay_mug"
        }
      ],
      "conditions": [
        {
          "condition": "minecraft:block_state_property",
          "block": "mna:clay_mug",
          "properties": {
            "has_liquid": "false"
          }
        }
      ]
    }
  ]
}