{
  "type": "minecraft:block",
  "pools": [
    {
      "rolls": 1.0,
      "bonus_rolls": 0.0,
      "entries": [
        {
          "type": "minecraft:item",
          "functions": [
            {
              "function": "minecraft:set_contents",
              "type": "mna:fluid_jug",
              "entries": [
                {
                  "type": "minecraft:dynamic",
                  "name": "minecraft:jug"
                }
              ]
            }
          ],
          "name": "mna:fluid_jug"
        }
      ]
    }
  ]
}