{
  "name": "irons_spellbooks:pyromancer_tower_cellar_dungeon_pool",
  "fallback": "irons_spellbooks:pyromancer_tower/pyromancer_cellar_fallback_pool",
  "elements": [
    {
      "weight": 2,
      "element": {
        "location": "irons_spellbooks:pyromancer_tower/cellar_dungeon/cask_rack",
        "processors": "irons_spellbooks:pyromancer_tower_randomization",
        "projection": "rigid",
        "element_type": "irons_spellbooks:individual_terrain_element",
        "terrain_adjustment": "bury"
      }
    },
    {
      "weight": 1,
      "element": {
        "location": "irons_spellbooks:pyromancer_tower/cellar_dungeon/jail_cell",
        "processors": "irons_spellbooks:pyromancer_tower_randomization",
        "projection": "rigid",
        "element_type": "irons_spellbooks:individual_terrain_element",
        "terrain_adjustment": "bury"
      }
    },
    {
      "weight": 2,
      "element": {
        "location": "irons_spellbooks:pyromancer_tower/cellar_dungeon/rubble_dead_end",
        "processors": "irons_spellbooks:pyromancer_tower_randomization",
        "projection": "rigid",
        "element_type": "irons_spellbooks:individual_terrain_element",
        "terrain_adjustment": "bury"
      }
    },
    {
      "weight": 2,
      "element": {
        "location": "irons_spellbooks:pyromancer_tower/cellar_dungeon/rubble_dead_end_2",
        "processors": "irons_spellbooks:pyromancer_tower_randomization",
        "projection": "rigid",
        "element_type": "irons_spellbooks:individual_terrain_element",
        "terrain_adjustment": "bury"
      }
    },
    {
      "weight": 1,
      "element": {
        "location": "irons_spellbooks:pyromancer_tower/cellar_dungeon/rubble_turn",
        "processors": "irons_spellbooks:pyromancer_tower_randomization",
        "projection": "rigid",
        "element_type": "irons_spellbooks:individual_terrain_element",
        "terrain_adjustment": "bury"
      }
    },
    {
      "weight": 1,
      "element": {
        "location": "irons_spellbooks:pyromancer_tower/cellar_dungeon/cracked_wall_opening",
        "processors": "irons_spellbooks:pyromancer_tower_randomization",
        "projection": "rigid",
        "element_type": "irons_spellbooks:individual_terrain_element",
        "terrain_adjustment": "bury"
      }
    },
    {
      "weight": 1,
      "element": {
        "location": "irons_spellbooks:pyromancer_tower/cellar_dungeon/shelf_storage",
        "processors": "irons_spellbooks:pyromancer_tower_randomization",
        "projection": "rigid",
        "element_type": "irons_spellbooks:individual_terrain_element",
        "terrain_adjustment": "bury"
      }
    },
    {
      "weight": 2,
      "element": {
        "location": "irons_spellbooks:pyromancer_tower/cellar_dungeon/junction_cramped",
        "processors": "irons_spellbooks:pyromancer_tower_randomization",
        "projection": "rigid",
        "element_type": "irons_spellbooks:individual_terrain_element",
        "terrain_adjustment": "bury"
      }
    },
    {
      "weight": 1,
      "element": {
        "location": "irons_spellbooks:pyromancer_tower/cellar_dungeon/ledge_casks",
        "processors": "irons_spellbooks:pyromancer_tower_randomization",
        "projection": "rigid",
        "element_type": "irons_spellbooks:individual_terrain_element",
        "terrain_adjustment": "bury"
      }
    },
    {
      "weight": 1,
      "element": {
        "location": "irons_spellbooks:pyromancer_tower/cellar_dungeon/dual_storage",
        "processors": "irons_spellbooks:pyromancer_tower_randomization",
        "projection": "rigid",
        "element_type": "irons_spellbooks:individual_terrain_element",
        "terrain_adjustment": "bury"
      }
    },
    {
      "weight": 1,
      "element": {
        "location": "irons_spellbooks:pyromancer_tower/cellar_dungeon/dual_storage_secret",
        "processors": "irons_spellbooks:pyromancer_tower_randomization",
        "projection": "rigid",
        "element_type": "irons_spellbooks:individual_terrain_element",
        "terrain_adjustment": "bury"
      }
    },
    {
      "weight": 1,
      "element": {
        "location": "irons_spellbooks:pyromancer_tower/cellar_dungeon/candle_storage",
        "processors": "irons_spellbooks:pyromancer_tower_randomization",
        "projection": "rigid",
        "element_type": "irons_spellbooks:individual_terrain_element",
        "terrain_adjustment": "bury"
      }
    },
    {
      "weight": 1,
      "element": {
        "location": "irons_spellbooks:pyromancer_tower/cellar_dungeon/pot_storage",
        "processors": "irons_spellbooks:pyromancer_tower_randomization",
        "projection": "rigid",
        "element_type": "irons_spellbooks:individual_terrain_element",
        "terrain_adjustment": "bury"
      }
    }
  ]
}
