{
  "credit": "Made with Blockbench",
  "textures": {
    "0": "ars_elemental:block/everfull_urn",
    "1": "ars_elemental:block/everfull_urn_0",
    "particle": "ars_elemental:block/everfull_urn"
  },
  "elements": [
    {
      "from": [
        2.5,
        1.25,
        2.5
      ],
      "to": [
        13.5,
        10.25,
        13.5
      ],
      "rotation": {
        "angle": 0,
        "axis": "y",
        "origin": [
          -2,
          0,
          -2
        ]
      },
      "faces": {
        "north": {
          "uv": [
            0,
            0,
            12,
            9
          ],
          "texture": "#1"
        },
        "east": {
          "uv": [
            0,
            0,
            12,
            9
          ],
          "texture": "#1"
        },
        "south": {
          "uv": [
            0,
            0,
            12,
            9
          ],
          "texture": "#1"
        },
        "west": {
          "uv": [
            0,
            0,
            12,
            9
          ],
          "texture": "#1"
        },
        "up": {
          "uv": [
            0,
            0,
            9,
            9
          ],
          "texture": "#0"
        },
        "down": {
          "uv": [
            0,
            0,
            9,
            8
          ],
          "texture": "#0"
        }
      }
    },
    {
      "from": [
        3.75,
        0,
        3.75
      ],
      "to": [
        12.25,
        1.25,
        12.25
      ],
      "rotation": {
        "angle": 0,
        "axis": "y",
        "origin": [
          -0.5,
          0,
          -0.5
        ]
      },
      "faces": {
        "north": {
          "uv": [
            1,
            8,
            9,
            9
          ],
          "texture": "#0"
        },
        "east": {
          "uv": [
            1,
            8,
            9,
            9
          ],
          "texture": "#0"
        },
        "south": {
          "uv": [
            1,
            8,
            9,
            9
          ],
          "texture": "#0"
        },
        "west": {
          "uv": [
            1,
            8,
            9,
            9
          ],
          "texture": "#0"
        },
        "up": {
          "uv": [
            1,
            8,
            9,
            9
          ],
          "texture": "#0"
        },
        "down": {
          "uv": [
            1,
            0,
            9,
            8
          ],
          "texture": "#0"
        }
      }
    },
    {
      "from": [
        4.75,
        15.3,
        4.75
      ],
      "to": [
        11.25,
        17.3,
        11.25
      ],
      "faces": {
        "north": {
          "uv": [
            7,
            9,
            13,
            11
          ],
          "texture": "#0"
        },
        "east": {
          "uv": [
            7,
            9,
            13,
            11
          ],
          "texture": "#0"
        },
        "south": {
          "uv": [
            7,
            9,
            13,
            11
          ],
          "texture": "#0"
        },
        "west": {
          "uv": [
            7,
            9,
            13,
            11
          ],
          "texture": "#0"
        },
        "up": {
          "uv": [
            0,
            9,
            7,
            16
          ],
          "texture": "#0"
        },
        "down": {
          "uv": [
            7,
            9,
            13,
            11
          ],
          "texture": "#0"
        }
      }
    },
    {
      "from": [
        5.5,
        11.8,
        5.5
      ],
      "to": [
        10.5,
        15.8,
        10.5
      ],
      "faces": {
        "north": {
          "uv": [
            7,
            11,
            13,
            15
          ],
          "texture": "#0"
        },
        "east": {
          "uv": [
            7,
            11,
            13,
            15
          ],
          "texture": "#0"
        },
        "south": {
          "uv": [
            7,
            11,
            13,
            15
          ],
          "texture": "#0"
        },
        "west": {
          "uv": [
            7,
            11,
            12,
            15
          ],
          "texture": "#0"
        },
        "up": {
          "uv": [
            7,
            11,
            13,
            15
          ],
          "texture": "#0"
        },
        "down": {
          "uv": [
            7,
            11,
            13,
            15
          ],
          "texture": "#0"
        }
      }
    },
    {
      "from": [
        4.5,
        10,
        4.5
      ],
      "to": [
        11.5,
        12.5,
        11.5
      ],
      "rotation": {
        "angle": 0,
        "axis": "y",
        "origin": [
          5.5,
          -2,
          5.5
        ]
      },
      "faces": {
        "north": {
          "uv": [
            0,
            0,
            7,
            2
          ],
          "texture": "#0"
        },
        "east": {
          "uv": [
            0,
            0,
            7,
            2
          ],
          "texture": "#0"
        },
        "south": {
          "uv": [
            6,
            11,
            13,
            13
          ],
          "texture": "#0"
        },
        "west": {
          "uv": [
            0,
            8,
            7,
            10
          ],
          "texture": "#0"
        },
        "up": {
          "uv": [
            0,
            3,
            7,
            10
          ],
          "texture": "#0"
        },
        "down": {
          "uv": [
            0,
            4,
            7,
            11
          ],
          "texture": "#0"
        }
      }
    }
  ],
  "gui_light": "front",
  "display": {
    "thirdperson_righthand": {
      "translation": [
        0,
        0,
        -0.25
      ],
      "scale": [
        0.7,
        0.7,
        0.7
      ]
    },
    "thirdperson_lefthand": {
      "translation": [
        0,
        0,
        -0.25
      ],
      "scale": [
        0.7,
        0.7,
        0.7
      ]
    },
    "firstperson_righthand": {
      "translation": [
        0,
        0.5,
        0
      ],
      "scale": [
        0.6,
        0.6,
        0.6
      ]
    },
    "firstperson_lefthand": {
      "translation": [
        0,
        0.5,
        0
      ],
      "scale": [
        0.6,
        0.6,
        0.6
      ]
    },
    "ground": {
      "translation": [
        0,
        2,
        0
      ],
      "scale": [
        0.8,
        0.8,
        0.8
      ]
    },
    "gui": {
      "rotation": [
        30,
        225,
        0
      ],
      "scale": [
        0.7,
        0.7,
        0.7
      ]
    },
    "head": {
      "translation": [
        0,
        5.75,
        0
      ]
    }
  }
}