{
	"credit": "Made with Blockbench",
	"texture_size": [64, 64],
	"textures": {
		"0": "ars_elemental:block/siren_shrine"
	},
	"render_type": "cutout",
	"elements": [
		{
			"from": [4, 0, 13],
			"to": [6, 3, 15],
			"rotation": {"angle": 0, "axis": "y", "origin": [8, 0, 8]},
			"faces": {
				"north": {"uv": [0.5, 15.25, 1, 16], "texture": "#0"},
				"east": {"uv": [0, 15.25, 0.5, 16], "texture": "#0"},
				"south": {"uv": [1.5, 15.25, 2, 16], "texture": "#0"},
				"west": {"uv": [1, 15.25, 1.5, 16], "texture": "#0"},
				"down": {"uv": [1.5, 14.75, 1, 15.25], "texture": "#0", "cullface": "down"}
			}
		},
		{
			"from": [1, 0, 13],
			"to": [3, 3, 15],
			"rotation": {"angle": 0, "axis": "y", "origin": [8, 0, 8]},
			"faces": {
				"north": {"uv": [0.5, 15.25, 1, 16], "texture": "#0"},
				"east": {"uv": [0, 15.25, 0.5, 16], "texture": "#0"},
				"south": {"uv": [1.5, 15.25, 2, 16], "texture": "#0"},
				"west": {"uv": [1, 15.25, 1.5, 16], "texture": "#0"},
				"down": {"uv": [1.5, 14.75, 1, 15.25], "texture": "#0", "cullface": "down"}
			}
		},
		{
			"from": [1, 0, 10],
			"to": [3, 3, 12],
			"rotation": {"angle": 0, "axis": "y", "origin": [8, 0, 8]},
			"faces": {
				"north": {"uv": [0.5, 15.25, 1, 16], "texture": "#0"},
				"east": {"uv": [0, 15.25, 0.5, 16], "texture": "#0"},
				"south": {"uv": [1.5, 15.25, 2, 16], "texture": "#0"},
				"west": {"uv": [1, 15.25, 1.5, 16], "texture": "#0"},
				"down": {"uv": [1.5, 14.75, 1, 15.25], "texture": "#0", "cullface": "down"}
			}
		},
		{
			"from": [1, 0, 7],
			"to": [3, 3, 9],
			"rotation": {"angle": 0, "axis": "y", "origin": [8, 0, 8]},
			"faces": {
				"north": {"uv": [0.5, 15.25, 1, 16], "texture": "#0"},
				"east": {"uv": [0, 15.25, 0.5, 16], "texture": "#0"},
				"south": {"uv": [1.5, 15.25, 2, 16], "texture": "#0"},
				"west": {"uv": [1, 15.25, 1.5, 16], "texture": "#0"},
				"down": {"uv": [1.5, 14.75, 1, 15.25], "texture": "#0", "cullface": "down"}
			}
		},
		{
			"from": [1, 0, 4],
			"to": [3, 3, 6],
			"rotation": {"angle": 0, "axis": "y", "origin": [8, 0, 8]},
			"faces": {
				"north": {"uv": [0.5, 15.25, 1, 16], "texture": "#0"},
				"east": {"uv": [0, 15.25, 0.5, 16], "texture": "#0"},
				"south": {"uv": [1.5, 15.25, 2, 16], "texture": "#0"},
				"west": {"uv": [1, 15.25, 1.5, 16], "texture": "#0"},
				"down": {"uv": [1.5, 14.75, 1, 15.25], "texture": "#0", "cullface": "down"}
			}
		},
		{
			"from": [4, 0, 4],
			"to": [6, 3, 6],
			"rotation": {"angle": 0, "axis": "y", "origin": [8, 0, 8]},
			"faces": {
				"north": {"uv": [0.5, 15.25, 1, 16], "texture": "#0"},
				"east": {"uv": [0, 15.25, 0.5, 16], "texture": "#0"},
				"south": {"uv": [1.5, 15.25, 2, 16], "texture": "#0"},
				"west": {"uv": [1, 15.25, 1.5, 16], "texture": "#0"},
				"down": {"uv": [1.5, 14.75, 1, 15.25], "texture": "#0", "cullface": "down"}
			}
		},
		{
			"from": [4, 0, 1],
			"to": [6, 3, 3],
			"rotation": {"angle": 0, "axis": "y", "origin": [8, 0, 8]},
			"faces": {
				"north": {"uv": [0.5, 15.25, 1, 16], "texture": "#0"},
				"east": {"uv": [0, 15.25, 0.5, 16], "texture": "#0"},
				"south": {"uv": [1.5, 15.25, 2, 16], "texture": "#0"},
				"west": {"uv": [1, 15.25, 1.5, 16], "texture": "#0"},
				"down": {"uv": [1.5, 14.75, 1, 15.25], "texture": "#0", "cullface": "down"}
			}
		},
		{
			"from": [1, 0, 1],
			"to": [3, 3, 3],
			"shade": false,
			"rotation": {"angle": 0, "axis": "y", "origin": [8, 0, 8]},
			"faces": {
				"north": {"uv": [1, 15.25, 0.5, 16], "texture": "#0"},
				"east": {"uv": [1.5, 15.25, 1, 16], "texture": "#0"},
				"south": {"uv": [2, 15.25, 1.5, 16], "texture": "#0"},
				"west": {"uv": [0.5, 15.25, 0, 16], "texture": "#0"},
				"down": {"uv": [1, 14.75, 1.5, 15.25], "texture": "#0", "cullface": "down"}
			}
		},
		{
			"from": [10, 0, 1],
			"to": [12, 3, 3],
			"shade": false,
			"rotation": {"angle": 0, "axis": "y", "origin": [8, 0, 8]},
			"faces": {
				"north": {"uv": [1, 15.25, 0.5, 16], "texture": "#0"},
				"east": {"uv": [1.5, 15.25, 1, 16], "texture": "#0"},
				"south": {"uv": [2, 15.25, 1.5, 16], "texture": "#0"},
				"west": {"uv": [0.5, 15.25, 0, 16], "texture": "#0"},
				"down": {"uv": [1, 14.75, 1.5, 15.25], "texture": "#0", "cullface": "down"}
			}
		},
		{
			"from": [10, 0, 4],
			"to": [12, 3, 6],
			"rotation": {"angle": 0, "axis": "y", "origin": [8, 0, 8]},
			"faces": {
				"north": {"uv": [0.5, 15.25, 1, 16], "texture": "#0"},
				"east": {"uv": [0, 15.25, 0.5, 16], "texture": "#0"},
				"south": {"uv": [1.5, 15.25, 2, 16], "texture": "#0"},
				"west": {"uv": [1, 15.25, 1.5, 16], "texture": "#0"},
				"down": {"uv": [1.5, 14.75, 1, 15.25], "texture": "#0", "cullface": "down"}
			}
		},
		{
			"from": [13, 0, 4],
			"to": [15, 3, 6],
			"rotation": {"angle": 0, "axis": "y", "origin": [8, 0, 8]},
			"faces": {
				"north": {"uv": [0.5, 15.25, 1, 16], "texture": "#0"},
				"east": {"uv": [0, 15.25, 0.5, 16], "texture": "#0"},
				"south": {"uv": [1.5, 15.25, 2, 16], "texture": "#0"},
				"west": {"uv": [1, 15.25, 1.5, 16], "texture": "#0"},
				"down": {"uv": [1.5, 14.75, 1, 15.25], "texture": "#0", "cullface": "down"}
			}
		},
		{
			"from": [13, 0, 1],
			"to": [15, 3, 3],
			"rotation": {"angle": 0, "axis": "y", "origin": [8, 0, 8]},
			"faces": {
				"north": {"uv": [0.5, 15.25, 1, 16], "texture": "#0"},
				"east": {"uv": [0, 15.25, 0.5, 16], "texture": "#0"},
				"south": {"uv": [1.5, 15.25, 2, 16], "texture": "#0"},
				"west": {"uv": [1, 15.25, 1.5, 16], "texture": "#0"},
				"down": {"uv": [1.5, 14.75, 1, 15.25], "texture": "#0", "cullface": "down"}
			}
		},
		{
			"from": [13, 0, 7],
			"to": [15, 3, 9],
			"rotation": {"angle": 0, "axis": "y", "origin": [8, 0, 8]},
			"faces": {
				"north": {"uv": [0.5, 15.25, 1, 16], "texture": "#0"},
				"east": {"uv": [0, 15.25, 0.5, 16], "texture": "#0"},
				"south": {"uv": [1.5, 15.25, 2, 16], "texture": "#0"},
				"west": {"uv": [1, 15.25, 1.5, 16], "texture": "#0"},
				"down": {"uv": [1.5, 14.75, 1, 15.25], "texture": "#0", "cullface": "down"}
			}
		},
		{
			"from": [13, 0, 10],
			"to": [15, 3, 12],
			"rotation": {"angle": 0, "axis": "y", "origin": [8, 0, 8]},
			"faces": {
				"north": {"uv": [0.5, 15.25, 1, 16], "texture": "#0"},
				"east": {"uv": [0, 15.25, 0.5, 16], "texture": "#0"},
				"south": {"uv": [1.5, 15.25, 2, 16], "texture": "#0"},
				"west": {"uv": [1, 15.25, 1.5, 16], "texture": "#0"},
				"down": {"uv": [1.5, 14.75, 1, 15.25], "texture": "#0", "cullface": "down"}
			}
		},
		{
			"from": [13, 0, 13],
			"to": [15, 3, 15],
			"rotation": {"angle": 0, "axis": "y", "origin": [8, 0, 8]},
			"faces": {
				"north": {"uv": [0.5, 15.25, 1, 16], "texture": "#0"},
				"east": {"uv": [0, 15.25, 0.5, 16], "texture": "#0"},
				"south": {"uv": [1.5, 15.25, 2, 16], "texture": "#0"},
				"west": {"uv": [1, 15.25, 1.5, 16], "texture": "#0"},
				"down": {"uv": [1.5, 14.75, 1, 15.25], "texture": "#0", "cullface": "down"}
			}
		},
		{
			"from": [10, 0, 13],
			"to": [12, 3, 15],
			"rotation": {"angle": 0, "axis": "y", "origin": [8, 0, 8]},
			"faces": {
				"north": {"uv": [0.5, 15.25, 1, 16], "texture": "#0"},
				"east": {"uv": [0, 15.25, 0.5, 16], "texture": "#0"},
				"south": {"uv": [1.5, 15.25, 2, 16], "texture": "#0"},
				"west": {"uv": [1, 15.25, 1.5, 16], "texture": "#0"},
				"down": {"uv": [1.5, 14.75, 1, 15.25], "texture": "#0", "cullface": "down"}
			}
		},
		{
			"from": [9.5, 3, 1],
			"to": [15.5, 5, 15],
			"rotation": {"angle": 0, "axis": "y", "origin": [8, 0, 8]},
			"faces": {
				"north": {"uv": [3.5, 7.5, 5, 8], "texture": "#0"},
				"east": {"uv": [0, 7.5, 3.5, 8], "texture": "#0"},
				"south": {"uv": [8.5, 7.5, 10, 8], "texture": "#0"},
				"west": {"uv": [5, 7.5, 8.5, 8], "texture": "#0"},
				"up": {"uv": [5, 7.5, 3.5, 4], "texture": "#0"},
				"down": {"uv": [6.5, 4, 5, 7.5], "texture": "#0"}
			}
		},
		{
			"from": [10.5, 5, 2],
			"to": [14.5, 7, 14],
			"rotation": {"angle": 0, "axis": "y", "origin": [8, 0, 8]},
			"faces": {
				"north": {"uv": [9.5, 7, 10.5, 7.5], "texture": "#0"},
				"east": {"uv": [6.5, 7, 9.5, 7.5], "texture": "#0"},
				"south": {"uv": [13.5, 7, 14.5, 7.5], "texture": "#0"},
				"west": {"uv": [10.5, 7, 13.5, 7.5], "texture": "#0"},
				"up": {"uv": [10.5, 7, 9.5, 4], "texture": "#0"}
			}
		},
		{
			"from": [1.5, 5, 2],
			"to": [5.5, 7, 14],
			"rotation": {"angle": 0, "axis": "y", "origin": [8, 0, 8]},
			"faces": {
				"north": {"uv": [9.5, 3, 10.5, 3.5], "texture": "#0"},
				"east": {"uv": [6.5, 3, 9.5, 3.5], "texture": "#0"},
				"south": {"uv": [13.5, 3, 14.5, 3.5], "texture": "#0"},
				"west": {"uv": [10.5, 3, 13.5, 3.5], "texture": "#0"},
				"up": {"uv": [10.5, 3, 9.5, 0], "texture": "#0"}
			}
		},
		{
			"from": [0.5, 3, 1],
			"to": [6.5, 5, 15],
			"rotation": {"angle": 0, "axis": "y", "origin": [8, 0, 8]},
			"faces": {
				"north": {"uv": [3.5, 3.5, 5, 4], "texture": "#0"},
				"east": {"uv": [0, 3.5, 3.5, 4], "texture": "#0"},
				"south": {"uv": [8.5, 3.5, 10, 4], "texture": "#0"},
				"west": {"uv": [5, 3.5, 8.5, 4], "texture": "#0"},
				"up": {"uv": [5, 3.5, 3.5, 0], "texture": "#0"},
				"down": {"uv": [6.5, 0, 5, 3.5], "texture": "#0"}
			}
		},
		{
			"from": [5.5, 1, 6],
			"to": [10.5, 7, 14],
			"rotation": {"angle": 0, "axis": "y", "origin": [8, 0, 8]},
			"faces": {
				"north": {"uv": [2, 10, 3.25, 11.5], "texture": "#0"},
				"east": {"uv": [0, 10, 2, 11.5], "texture": "#0"},
				"south": {"uv": [5.25, 10, 6.5, 11.5], "texture": "#0"},
				"west": {"uv": [3.25, 10, 5.25, 11.5], "texture": "#0"},
				"up": {"uv": [3.25, 10, 2, 8], "texture": "#0"},
				"down": {"uv": [4.5, 8, 3.25, 10], "texture": "#0"}
			}
		},
		{
			"from": [11.5, 7, 4],
			"to": [13.5, 9, 13],
			"rotation": {"angle": 0, "axis": "y", "origin": [8, 0, 8]},
			"faces": {
				"north": {"uv": [6.5, 11.5, 7, 12], "texture": "#0"},
				"east": {"uv": [4.25, 11.5, 6.5, 12], "texture": "#0"},
				"south": {"uv": [9.25, 11.5, 9.75, 12], "texture": "#0"},
				"west": {"uv": [7, 11.5, 9.25, 12], "texture": "#0"},
				"up": {"uv": [7, 11.5, 6.5, 9.25], "texture": "#0"}
			}
		},
		{
			"from": [2.5, 7, 4],
			"to": [4.5, 9, 13],
			"rotation": {"angle": 0, "axis": "y", "origin": [8, 0, 8]},
			"faces": {
				"north": {"uv": [10, 9.75, 10.5, 10.25], "texture": "#0"},
				"east": {"uv": [7.75, 9.75, 10, 10.25], "texture": "#0"},
				"south": {"uv": [12.75, 9.75, 13.25, 10.25], "texture": "#0"},
				"west": {"uv": [10.5, 9.75, 12.75, 10.25], "texture": "#0"},
				"up": {"uv": [10.5, 9.75, 10, 7.5], "texture": "#0"}
			}
		},
		{
			"from": [4.5, 7, 7],
			"to": [11.5, 9, 12],
			"rotation": {"angle": 0, "axis": "y", "origin": [8, 0, 8]},
			"faces": {
				"north": {"uv": [11, 11.5, 12.75, 12], "texture": "#0"},
				"south": {"uv": [14, 11.5, 15.75, 12], "texture": "#0"},
				"up": {"uv": [12.75, 11.5, 11, 10.25], "texture": "#0"}
			}
		},
		{
			"from": [6, 9, 7.5],
			"to": [10, 11, 11.5],
			"rotation": {"angle": 0, "axis": "y", "origin": [8, 0, 8]},
			"faces": {
				"north": {"uv": [12, 8.5, 13, 9], "texture": "#0"},
				"east": {"uv": [11, 8.5, 12, 9], "texture": "#0"},
				"south": {"uv": [14, 8.5, 15, 9], "texture": "#0"},
				"west": {"uv": [13, 8.5, 14, 9], "texture": "#0"},
				"up": {"uv": [13, 8.5, 12, 7.5], "texture": "#0"}
			}
		},
		{
			"from": [6, 5, 1.5],
			"to": [10, 6, 2.5],
			"rotation": {"angle": 0, "axis": "y", "origin": [8.5, 0, 7.9]},
			"faces": {
				"north": {"uv": [6.75, 2.75, 7.75, 3], "texture": "#0"},
				"east": {"uv": [6.5, 2.75, 6.75, 3], "texture": "#0"},
				"south": {"uv": [8, 2.75, 9, 3], "texture": "#0"},
				"west": {"uv": [7.75, 2.75, 8, 3], "texture": "#0"},
				"up": {"uv": [7.75, 2.75, 6.75, 2.5], "texture": "#0"},
				"down": {"uv": [8.75, 2.5, 7.75, 2.75], "texture": "#0"}
			}
		},
		{
			"from": [6, 5, 3.5],
			"to": [10, 6, 4.5],
			"rotation": {"angle": 0, "axis": "y", "origin": [8.5, 0, 7.9]},
			"faces": {
				"north": {"uv": [0.25, 3.25, 1.25, 3.5], "texture": "#0"},
				"east": {"uv": [0, 3.25, 0.25, 3.5], "texture": "#0"},
				"south": {"uv": [1.5, 3.25, 2.5, 3.5], "texture": "#0"},
				"west": {"uv": [1.25, 3.25, 1.5, 3.5], "texture": "#0"},
				"up": {"uv": [1.25, 3.25, 0.25, 3], "texture": "#0"},
				"down": {"uv": [2.25, 3, 1.25, 3.25], "texture": "#0"}
			}
		},
		{
			"from": [6.5, 3, 14],
			"to": [9.5, 5, 15],
			"rotation": {"angle": 0, "axis": "y", "origin": [8, 0, 8]},
			"faces": {
				"south": {"uv": [1.5, 0.25, 2.25, 0.75], "texture": "#0"},
				"up": {"uv": [1.25, 0.25, 0.5, 0], "texture": "#0"},
				"down": {"uv": [2, 0, 1.25, 0.25], "texture": "#0"}
			}
		}
	],
	"display": {
		"thirdperson_righthand": {
			"rotation": [75, 45, 0],
			"translation": [0, 2.5, 0],
			"scale": [0.375, 0.375, 0.375]
		},
		"thirdperson_lefthand": {
			"rotation": [75, 45, 0],
			"translation": [0, 2.5, 0],
			"scale": [0.375, 0.375, 0.375]
		},
		"firstperson_righthand": {
			"rotation": [0, 45, 0],
			"scale": [0.4, 0.4, 0.4]
		},
		"firstperson_lefthand": {
			"rotation": [0, 225, 0],
			"scale": [0.4, 0.4, 0.4]
		},
		"ground": {
			"scale": [0.5, 0.5, 0.5]
		},
		"gui": {
			"rotation": [30, 225, 0],
			"scale": [0.625, 0.625, 0.625]
		},
		"fixed": {
			"translation": [0, 2.5, 0]
		}
	},
	"groups": [
		{
			"name": "master",
			"origin": [0, 0, 0],
			"color": 0,
			"shade": false,
			"children": [
				{
					"name": "columns",
					"origin": [8, 0, 8],
					"color": 0,
					"children": [0, 1, 2, 3, 4, 5, 6, 7, 8, 9, 10, 11, 12, 13, 14, 15]
				},
				16,
				17,
				18,
				19,
				20,
				21,
				22,
				23,
				24,
				25,
				26,
				27
			]
		}
	]
}