{
  "credit": "Made with Blockbench",
  "texture_size": [
    32,
    32
  ],
  "textures": {
    "0": "ars_elemental:block/spell_mirror",
    "particle": "ars_elemental:block/spell_mirror"
  },
  "elements": [
    {
      "name": "bone3",
      "from": [
        3,
        5,
        14.5
      ],
      "to": [
        4,
        11,
        15.5
      ],
      "rotation": {
        "angle": 0,
        "axis": "y",
        "origin": [
          0,
          -5,
          7
        ]
      },
      "faces": {
        "north": {
          "uv": [
            7.5,
            10,
            8,
            13
          ],
          "texture": "#0"
        },
        "east": {
          "uv": [
            8,
            10,
            8.5,
            13
          ],
          "texture": "#0"
        },
        "south": {
          "uv": [
            8.5,
            10,
            9,
            13
          ],
          "texture": "#0"
        },
        "west": {
          "uv": [
            9,
            10,
            9.5,
            13
          ],
          "texture": "#0"
        },
        "up": {
          "uv": [
            13,
            5.5,
            12.5,
            5
          ],
          "texture": "#0"
        },
        "down": {
          "uv": [
            6,
            12.5,
            5.5,
            13
          ],
          "texture": "#0"
        }
      }
    },
    {
      "name": "bone3",
      "from": [
        2,
        5,
        14.5
      ],
      "to": [
        3,
        6,
        15.5
      ],
      "rotation": {
        "angle": 0,
        "axis": "y",
        "origin": [
          0,
          -5,
          7
        ]
      },
      "faces": {
        "north": {
          "uv": [
            12.5,
            3.5,
            13,
            4
          ],
          "texture": "#0"
        },
        "east": {
          "uv": [
            4,
            12.5,
            4.5,
            13
          ],
          "texture": "#0"
        },
        "south": {
          "uv": [
            12.5,
            4,
            13,
            4.5
          ],
          "texture": "#0"
        },
        "west": {
          "uv": [
            4.5,
            12.5,
            5,
            13
          ],
          "texture": "#0"
        },
        "up": {
          "uv": [
            13,
            5,
            12.5,
            4.5
          ],
          "texture": "#0"
        },
        "down": {
          "uv": [
            5.5,
            12.5,
            5,
            13
          ],
          "texture": "#0"
        }
      }
    },
    {
      "name": "bone3",
      "from": [
        0,
        10,
        14.5
      ],
      "to": [
        3,
        11,
        15.5
      ],
      "rotation": {
        "angle": 0,
        "axis": "y",
        "origin": [
          0,
          -5,
          7
        ]
      },
      "faces": {
        "north": {
          "uv": [
            11,
            6,
            12.5,
            6.5
          ],
          "texture": "#0"
        },
        "east": {
          "uv": [
            12,
            12,
            12.5,
            12.5
          ],
          "texture": "#0"
        },
        "south": {
          "uv": [
            11,
            7,
            12.5,
            7.5
          ],
          "texture": "#0"
        },
        "west": {
          "uv": [
            12.5,
            1,
            13,
            1.5
          ],
          "texture": "#0"
        },
        "up": {
          "uv": [
            12.5,
            8,
            11,
            7.5
          ],
          "texture": "#0"
        },
        "down": {
          "uv": [
            12.5,
            8,
            11,
            8.5
          ],
          "texture": "#0"
        }
      }
    },
    {
      "name": "bone3",
      "from": [
        0,
        8,
        14.5
      ],
      "to": [
        1,
        10,
        15.5
      ],
      "rotation": {
        "angle": 0,
        "axis": "y",
        "origin": [
          0,
          -5,
          7
        ]
      },
      "faces": {
        "north": {
          "uv": [
            11.5,
            10,
            12,
            11
          ],
          "texture": "#0"
        },
        "east": {
          "uv": [
            10.5,
            11.5,
            11,
            12.5
          ],
          "texture": "#0"
        },
        "south": {
          "uv": [
            11,
            11.5,
            11.5,
            12.5
          ],
          "texture": "#0"
        },
        "west": {
          "uv": [
            11.5,
            11,
            12,
            12
          ],
          "texture": "#0"
        },
        "up": {
          "uv": [
            13,
            2,
            12.5,
            1.5
          ],
          "texture": "#0"
        },
        "down": {
          "uv": [
            2.5,
            12.5,
            2,
            13
          ],
          "texture": "#0"
        }
      }
    },
    {
      "name": "bone3",
      "from": [
        1,
        8,
        14.5
      ],
      "to": [
        2,
        9,
        15.5
      ],
      "rotation": {
        "angle": 0,
        "axis": "y",
        "origin": [
          0,
          -5,
          7
        ]
      },
      "faces": {
        "north": {
          "uv": [
            12.5,
            2,
            13,
            2.5
          ],
          "texture": "#0"
        },
        "east": {
          "uv": [
            2.5,
            12.5,
            3,
            13
          ],
          "texture": "#0"
        },
        "south": {
          "uv": [
            12.5,
            2.5,
            13,
            3
          ],
          "texture": "#0"
        },
        "west": {
          "uv": [
            3,
            12.5,
            3.5,
            13
          ],
          "texture": "#0"
        },
        "up": {
          "uv": [
            13,
            3.5,
            12.5,
            3
          ],
          "texture": "#0"
        },
        "down": {
          "uv": [
            4,
            12.5,
            3.5,
            13
          ],
          "texture": "#0"
        }
      }
    },
    {
      "name": "bone2",
      "from": [
        12,
        5,
        14.5
      ],
      "to": [
        13,
        11,
        15.5
      ],
      "rotation": {
        "angle": 0,
        "axis": "y",
        "origin": [
          0,
          -5,
          7
        ]
      },
      "faces": {
        "north": {
          "uv": [
            3.5,
            9,
            4,
            12
          ],
          "texture": "#0"
        },
        "east": {
          "uv": [
            6,
            10,
            6.5,
            13
          ],
          "texture": "#0"
        },
        "south": {
          "uv": [
            6.5,
            10,
            7,
            13
          ],
          "texture": "#0"
        },
        "west": {
          "uv": [
            7,
            10,
            7.5,
            13
          ],
          "texture": "#0"
        },
        "up": {
          "uv": [
            2.5,
            12.5,
            2,
            12
          ],
          "texture": "#0"
        },
        "down": {
          "uv": [
            3,
            12,
            2.5,
            12.5
          ],
          "texture": "#0"
        }
      }
    },
    {
      "name": "bone2",
      "from": [
        13,
        5,
        14.5
      ],
      "to": [
        14,
        6,
        15.5
      ],
      "rotation": {
        "angle": 0,
        "axis": "y",
        "origin": [
          0,
          -5,
          7
        ]
      },
      "faces": {
        "north": {
          "uv": [
            12,
            9.5,
            12.5,
            10
          ],
          "texture": "#0"
        },
        "east": {
          "uv": [
            12,
            10,
            12.5,
            10.5
          ],
          "texture": "#0"
        },
        "south": {
          "uv": [
            12,
            10.5,
            12.5,
            11
          ],
          "texture": "#0"
        },
        "west": {
          "uv": [
            12,
            11,
            12.5,
            11.5
          ],
          "texture": "#0"
        },
        "up": {
          "uv": [
            12,
            12.5,
            11.5,
            12
          ],
          "texture": "#0"
        },
        "down": {
          "uv": [
            12.5,
            11.5,
            12,
            12
          ],
          "texture": "#0"
        }
      }
    },
    {
      "name": "bone2",
      "from": [
        13,
        10,
        14.5
      ],
      "to": [
        16,
        11,
        15.5
      ],
      "rotation": {
        "angle": 0,
        "axis": "y",
        "origin": [
          0,
          -5,
          7
        ]
      },
      "faces": {
        "north": {
          "uv": [
            4,
            11,
            5.5,
            11.5
          ],
          "texture": "#0"
        },
        "east": {
          "uv": [
            3.5,
            12,
            4,
            12.5
          ],
          "texture": "#0"
        },
        "south": {
          "uv": [
            11,
            4.5,
            12.5,
            5
          ],
          "texture": "#0"
        },
        "west": {
          "uv": [
            5.5,
            12,
            6,
            12.5
          ],
          "texture": "#0"
        },
        "up": {
          "uv": [
            12.5,
            5.5,
            11,
            5
          ],
          "texture": "#0"
        },
        "down": {
          "uv": [
            12.5,
            5.5,
            11,
            6
          ],
          "texture": "#0"
        }
      }
    },
    {
      "name": "bone2",
      "from": [
        15,
        8,
        14.5
      ],
      "to": [
        16,
        10,
        15.5
      ],
      "rotation": {
        "angle": 0,
        "axis": "y",
        "origin": [
          0,
          -5,
          7
        ]
      },
      "faces": {
        "north": {
          "uv": [
            4.5,
            11.5,
            5,
            12.5
          ],
          "texture": "#0"
        },
        "east": {
          "uv": [
            5,
            11.5,
            5.5,
            12.5
          ],
          "texture": "#0"
        },
        "south": {
          "uv": [
            9.5,
            11.5,
            10,
            12.5
          ],
          "texture": "#0"
        },
        "west": {
          "uv": [
            10,
            11.5,
            10.5,
            12.5
          ],
          "texture": "#0"
        },
        "up": {
          "uv": [
            12.5,
            9,
            12,
            8.5
          ],
          "texture": "#0"
        },
        "down": {
          "uv": [
            12.5,
            9,
            12,
            9.5
          ],
          "texture": "#0"
        }
      }
    },
    {
      "name": "bone2",
      "from": [
        14,
        8,
        14.5
      ],
      "to": [
        15,
        9,
        15.5
      ],
      "rotation": {
        "angle": 0,
        "axis": "y",
        "origin": [
          0,
          -5,
          7
        ]
      },
      "faces": {
        "north": {
          "uv": [
            12.5,
            5.5,
            13,
            6
          ],
          "texture": "#0"
        },
        "east": {
          "uv": [
            12.5,
            6,
            13,
            6.5
          ],
          "texture": "#0"
        },
        "south": {
          "uv": [
            12.5,
            7,
            13,
            7.5
          ],
          "texture": "#0"
        },
        "west": {
          "uv": [
            12.5,
            7.5,
            13,
            8
          ],
          "texture": "#0"
        },
        "up": {
          "uv": [
            13,
            8.5,
            12.5,
            8
          ],
          "texture": "#0"
        },
        "down": {
          "uv": [
            13,
            8.5,
            12.5,
            9
          ],
          "texture": "#0"
        }
      }
    },
    {
      "name": "bb_main",
      "from": [
        4,
        3,
        14
      ],
      "to": [
        5,
        12,
        16
      ],
      "rotation": {
        "angle": 0,
        "axis": "y",
        "origin": [
          0,
          -5,
          7
        ]
      },
      "faces": {
        "north": {
          "uv": [
            1,
            9,
            1.5,
            13.5
          ],
          "texture": "#0"
        },
        "east": {
          "uv": [
            7,
            0,
            8,
            4.5
          ],
          "texture": "#0"
        },
        "south": {
          "uv": [
            1.5,
            9,
            2,
            13.5
          ],
          "texture": "#0"
        },
        "west": {
          "uv": [
            7,
            4.5,
            8,
            9
          ],
          "texture": "#0"
        },
        "up": {
          "uv": [
            3.5,
            12.5,
            3,
            11.5
          ],
          "texture": "#0"
        },
        "down": {
          "uv": [
            4.5,
            11.5,
            4,
            12.5
          ],
          "texture": "#0"
        }
      }
    },
    {
      "name": "bb_main",
      "from": [
        5,
        4,
        15.8
      ],
      "to": [
        11,
        12,
        15.8
      ],
      "rotation": {
        "angle": 0,
        "axis": "y",
        "origin": [
          0,
          -5,
          7
        ]
      },
      "faces": {
        "north": {
          "uv": [
            0,
            4,
            3,
            8
          ],
          "texture": "#0"
        },
        "east": {
          "uv": [
            0,
            0,
            0,
            4
          ],
          "texture": "#0"
        },
        "south": {
          "uv": [
            3,
            4,
            6,
            8
          ],
          "texture": "#0"
        },
        "west": {
          "uv": [
            0,
            0,
            0,
            4
          ],
          "texture": "#0"
        },
        "up": {
          "uv": [
            3,
            0,
            0,
            0
          ],
          "texture": "#0"
        },
        "down": {
          "uv": [
            3,
            0,
            0,
            0
          ],
          "texture": "#0"
        }
      }
    },
    {
      "name": "bb_main",
      "from": [
        11,
        3,
        14
      ],
      "to": [
        12,
        12,
        16
      ],
      "rotation": {
        "angle": 0,
        "axis": "y",
        "origin": [
          0,
          -5,
          7
        ]
      },
      "faces": {
        "north": {
          "uv": [
            0,
            9,
            0.5,
            13.5
          ],
          "texture": "#0"
        },
        "east": {
          "uv": [
            6,
            0,
            7,
            4.5
          ],
          "texture": "#0"
        },
        "south": {
          "uv": [
            0.5,
            9,
            1,
            13.5
          ],
          "texture": "#0"
        },
        "west": {
          "uv": [
            6,
            4.5,
            7,
            9
          ],
          "texture": "#0"
        },
        "up": {
          "uv": [
            3.5,
            11.5,
            3,
            10.5
          ],
          "texture": "#0"
        },
        "down": {
          "uv": [
            6,
            11,
            5.5,
            12
          ],
          "texture": "#0"
        }
      }
    },
    {
      "name": "bb_main",
      "from": [
        5,
        3,
        14
      ],
      "to": [
        11,
        4,
        16
      ],
      "rotation": {
        "angle": 0,
        "axis": "y",
        "origin": [
          0,
          -5,
          7
        ]
      },
      "faces": {
        "north": {
          "uv": [
            6,
            9.5,
            9,
            10
          ],
          "texture": "#0"
        },
        "east": {
          "uv": [
            11.5,
            3,
            12.5,
            3.5
          ],
          "texture": "#0"
        },
        "south": {
          "uv": [
            9,
            9.5,
            12,
            10
          ],
          "texture": "#0"
        },
        "west": {
          "uv": [
            11.5,
            3.5,
            12.5,
            4
          ],
          "texture": "#0"
        },
        "up": {
          "uv": [
            11,
            2,
            8,
            1
          ],
          "texture": "#0"
        },
        "down": {
          "uv": [
            11,
            2,
            8,
            3
          ],
          "texture": "#0"
        }
      }
    },
    {
      "name": "bb_main",
      "from": [
        4,
        12,
        14
      ],
      "to": [
        12,
        13,
        16
      ],
      "rotation": {
        "angle": 0,
        "axis": "y",
        "origin": [
          0,
          -5,
          7
        ]
      },
      "faces": {
        "north": {
          "uv": [
            6,
            9,
            10,
            9.5
          ],
          "texture": "#0"
        },
        "east": {
          "uv": [
            10.5,
            11,
            11.5,
            11.5
          ],
          "texture": "#0"
        },
        "south": {
          "uv": [
            9,
            6.5,
            13,
            7
          ],
          "texture": "#0"
        },
        "west": {
          "uv": [
            2,
            11.5,
            3,
            12
          ],
          "texture": "#0"
        },
        "up": {
          "uv": [
            4,
            9,
            0,
            8
          ],
          "texture": "#0"
        },
        "down": {
          "uv": [
            12,
            0,
            8,
            1
          ],
          "texture": "#0"
        }
      }
    },
    {
      "name": "bb_main",
      "from": [
        5,
        4,
        15
      ],
      "to": [
        11,
        12,
        15
      ],
      "rotation": {
        "angle": 0,
        "axis": "y",
        "origin": [
          0,
          -5,
          7
        ]
      },
      "faces": {
        "north": {
          "uv": [
            0,
            0,
            3,
            4
          ],
          "texture": "#0"
        },
        "east": {
          "uv": [
            0,
            0,
            0,
            4
          ],
          "texture": "#0"
        },
        "south": {
          "uv": [
            3,
            0,
            6,
            4
          ],
          "texture": "#0"
        },
        "west": {
          "uv": [
            0,
            0,
            0,
            4
          ],
          "texture": "#0"
        },
        "up": {
          "uv": [
            3,
            0,
            0,
            0
          ],
          "texture": "#0"
        },
        "down": {
          "uv": [
            3,
            0,
            0,
            0
          ],
          "texture": "#0"
        }
      }
    },
    {
      "name": "bb_main",
      "from": [
        6,
        2,
        14
      ],
      "to": [
        10,
        3,
        16
      ],
      "rotation": {
        "angle": 0,
        "axis": "y",
        "origin": [
          0,
          -5,
          7
        ]
      },
      "faces": {
        "north": {
          "uv": [
            10,
            9,
            12,
            9.5
          ],
          "texture": "#0"
        },
        "east": {
          "uv": [
            11,
            8.5,
            12,
            9
          ],
          "texture": "#0"
        },
        "south": {
          "uv": [
            9.5,
            10,
            11.5,
            10.5
          ],
          "texture": "#0"
        },
        "west": {
          "uv": [
            9.5,
            11,
            10.5,
            11.5
          ],
          "texture": "#0"
        },
        "up": {
          "uv": [
            11,
            5.5,
            9,
            4.5
          ],
          "texture": "#0"
        },
        "down": {
          "uv": [
            11,
            5.5,
            9,
            6.5
          ],
          "texture": "#0"
        }
      }
    },
    {
      "name": "bb_main",
      "from": [
        6,
        13,
        14
      ],
      "to": [
        10,
        14,
        16
      ],
      "rotation": {
        "angle": 0,
        "axis": "y",
        "origin": [
          0,
          -5,
          7
        ]
      },
      "faces": {
        "north": {
          "uv": [
            10.5,
            4,
            12.5,
            4.5
          ],
          "texture": "#0"
        },
        "east": {
          "uv": [
            12,
            0,
            13,
            0.5
          ],
          "texture": "#0"
        },
        "south": {
          "uv": [
            9.5,
            10.5,
            11.5,
            11
          ],
          "texture": "#0"
        },
        "west": {
          "uv": [
            12,
            0.5,
            13,
            1
          ],
          "texture": "#0"
        },
        "up": {
          "uv": [
            11,
            8,
            9,
            7
          ],
          "texture": "#0"
        },
        "down": {
          "uv": [
            11,
            8,
            9,
            9
          ],
          "texture": "#0"
        }
      }
    }
  ],
  "gui_light": "front",
  "display": {
    "thirdperson_righthand": {
      "rotation": [
        75,
        45,
        0
      ],
      "translation": [
        0,
        2.5,
        0
      ],
      "scale": [
        0.375,
        0.375,
        0.375
      ]
    },
    "thirdperson_lefthand": {
      "rotation": [
        75,
        45,
        0
      ],
      "translation": [
        0,
        2.5,
        0
      ],
      "scale": [
        0.375,
        0.375,
        0.375
      ]
    },
    "firstperson_righthand": {
      "rotation": [
        0,
        45,
        0
      ],
      "scale": [
        0.4,
        0.4,
        0.4
      ]
    },
    "firstperson_lefthand": {
      "rotation": [
        0,
        90,
        -25
      ],
      "translation": [
        1.13,
        3.2,
        1.13
      ],
      "scale": [
        0.68,
        0.68,
        0.68
      ]
    },
    "ground": {
      "translation": [
        0,
        2,
        0
      ],
      "scale": [
        0.25,
        0.25,
        0.25
      ]
    },
    "gui": {
      "rotation": [
        0,
        -165,
        0
      ],
      "translation": [
        1.5,
        0,
        0
      ],
      "scale": [
        0.85,
        0.85,
        0.85
      ]
    },
    "fixed": {
      "translation": [
        0,
        0,
        -4
      ],
      "scale": [
        0.85,
        0.85,
        0.5
      ]
    }
  },
  "groups": [
    {
      "name": "bone",
      "origin": [
        0,
        0,
        7
      ],
      "color": 0,
      "children": [
        {
          "name": "bone3",
          "origin": [
            -21,
            -7,
            6
          ],
          "color": 2,
          "children": [
            0,
            1,
            2,
            3,
            4
          ]
        },
        {
          "name": "bone2",
          "origin": [
            21,
            -7,
            6
          ],
          "color": 1,
          "children": [
            5,
            6,
            7,
            8,
            9
          ]
        },
        {
          "name": "bb_main",
          "origin": [
            0,
            -5,
            7
          ],
          "color": 0,
          "children": [
            10,
            11,
            12,
            13,
            14,
            15,
            16,
            17
          ]
        }
      ]
    }
  ]
}