{
  "credit": "Made with Blockbench",
  "parent": "block/block",
  "textures": {
    "particle": "block/spore_blossom",
    "flower": "block/spore_blossom",
    "base": "block/spore_blossom_base"
  },
  "render_type": "cutout",
  "elements": [
    {
      "from": [
        1,
        0.1,
        1
      ],
      "to": [
        15,
        0.1,
        15
      ],
      "shade": false,
      "rotation": {
        "angle": 0,
        "axis": "y",
        "origin": [
          0,
          16,
          0
        ]
      },
      "faces": {
        "up": {
          "uv": [
            1,
            15,
            15,
            1
          ],
          "texture": "#base"
        },
        "down": {
          "uv": [
            1,
            15,
            15,
            1
          ],
          "texture": "#base"
        }
      }
    },
    {
      "from": [
        8,
        0.3,
        0
      ],
      "to": [
        24,
        0.3,
        16
      ],
      "shade": false,
      "rotation": {
        "angle": 22.5,
        "axis": "z",
        "origin": [
          8,
          0,
          0
        ]
      },
      "faces": {
        "up": {
          "uv": [
            16,
            16,
            0,
            0
          ],
          "rotation": 270,
          "texture": "#flower"
        },
        "down": {
          "uv": [
            16,
            0,
            0,
            16
          ],
          "rotation": 90,
          "texture": "#flower"
        }
      }
    },
    {
      "from": [
        -8,
        0.3,
        0
      ],
      "to": [
        8,
        0.3,
        16
      ],
      "shade": false,
      "rotation": {
        "angle": -22.5,
        "axis": "z",
        "origin": [
          8,
          0,
          0
        ]
      },
      "faces": {
        "up": {
          "uv": [
            16,
            16,
            0,
            0
          ],
          "rotation": 90,
          "texture": "#flower"
        },
        "down": {
          "uv": [
            16,
            0,
            0,
            16
          ],
          "rotation": 270,
          "texture": "#flower"
        }
      }
    },
    {
      "from": [
        0,
        0.3,
        8
      ],
      "to": [
        16,
        0.3,
        24
      ],
      "shade": false,
      "rotation": {
        "angle": -22.5,
        "axis": "x",
        "origin": [
          0,
          0,
          8
        ]
      },
      "faces": {
        "up": {
          "uv": [
            16,
            16,
            0,
            0
          ],
          "texture": "#flower"
        },
        "down": {
          "uv": [
            16,
            0,
            0,
            16
          ],
          "texture": "#flower"
        }
      }
    },
    {
      "from": [
        0,
        0.3,
        -8
      ],
      "to": [
        16,
        0.3,
        8
      ],
      "shade": false,
      "rotation": {
        "angle": 22.5,
        "axis": "x",
        "origin": [
          0,
          0,
          8
        ]
      },
      "faces": {
        "up": {
          "uv": [
            0,
            0,
            16,
            16
          ],
          "texture": "#flower"
        },
        "down": {
          "uv": [
            0,
            16,
            16,
            0
          ],
          "texture": "#flower"
        }
      }
    }
  ],
  "display": {
    "thirdperson_righthand": {
      "rotation": [
        75,
        45,
        0
      ],
      "translation": [
        0,
        2.5,
        0
      ],
      "scale": [
        0.375,
        0.375,
        0.375
      ]
    },
    "thirdperson_lefthand": {
      "rotation": [
        75,
        45,
        0
      ],
      "translation": [
        0,
        2.5,
        0
      ],
      "scale": [
        0.375,
        0.375,
        0.375
      ]
    },
    "firstperson_righthand": {
      "rotation": [
        0,
        45,
        0
      ],
      "scale": [
        0.4,
        0.4,
        0.4
      ]
    },
    "firstperson_lefthand": {
      "rotation": [
        0,
        225,
        0
      ],
      "scale": [
        0.4,
        0.4,
        0.4
      ]
    },
    "ground": {
      "translation": [
        0,
        3,
        0
      ],
      "scale": [
        0.25,
        0.25,
        0.25
      ]
    },
    "gui": {
      "rotation": [
        30,
        225,
        0
      ],
      "scale": [
        0.5,
        0.5,
        0.5
      ]
    },
    "head": {
      "rotation": [
        0,
        180,
        0
      ],
      "translation": [
        0,
        13,
        7
      ]
    },
    "fixed": {
      "scale": [
        0.5,
        0.5,
        0.5
      ]
    }
  }
}