{
  "credit": "Made with Blockbench",
  "parent": "builtin/entity",
  "render_type": "cutout",
  "textures": {
    "particle": "ars_elemental:block/water_turret"
  },
  "texture_size": [
    32,
    32
  ],
  "display": {
    "thirdperson_righthand": {
      "rotation": [
        90,
        0,
        0
      ],
      "translation": [
        0,
        4,
        -3.75
      ],
      "scale": [
        0.66,
        0.66,
        0.66
      ]
    },
    "thirdperson_lefthand": {
      "rotation": [
        90,
        0,
        0
      ],
      "translation": [
        0,
        4,
        -3.5
      ],
      "scale": [
        0.66,
        0.66,
        0.66
      ]
    },
    "firstperson_righthand": {
      "rotation": [
        90,
        0,
        0
      ],
      "translation": [
        5,
        -0.25,
        -9.75
      ],
      "scale": [
        0.66,
        0.66,
        0.66
      ]
    },
    "firstperson_lefthand": {
      "rotation": [
        90,
        0,
        0
      ],
      "translation": [
        5,
        0.25,
        -9.75
      ],
      "scale": [
        0.66,
        0.66,
        0.66
      ]
    },
    "ground": {
      "scale": [
        0.66,
        0.66,
        0.66
      ]
    },
    "gui": {
      "rotation": [
        115,
        -34,
        -35
      ],
      "translation": [
        -2.5,
        4.25,
        0
      ],
      "scale": [
        0.75,
        0.75,
        0.75
      ]
    },
    "head": {
      "rotation": [
        90,
        0,
        0
      ],
      "translation": [
        0,
        12.25,
        -8
      ]
    },
    "fixed": {
      "rotation": [
        90,
        0,
        0
      ],
      "translation": [
        0,
        0,
        -8.5
      ]
    }
  }
}