{
  "type": "ars_nouveau:wilden_den",
  "start_pool": "ars_nouveau:wilden_den_top_stalker",
  "size": 3,
  "max_distance_from_center": 80,
  "biomes": "#minecraft:is_forest",
  "step": "surface_structures",
  "terrain_adaptation": "beard_thin",
  "use_expansion_hack": false,
  "start_height": {
    "absolute": 0
  },
  "project_start_to_heightmap": "WORLD_SURFACE_WG",
  "spawn_overrides": {
    "monster": {
      "bounding_box": "piece",
      "spawns": [
        {
          "type": "ars_nouveau:wilden_stalker",
          "weight": 5,
          "minCount": 3,
          "maxCount": 3
        }
      ]
    }
  }
}