{
  "name": "item.elementalcraft.source_analysis_glass",
  "category": "elementalcraft:sources",
  "icon": "elementalcraft:source_analysis_glass",
  "advancement": "elementalcraft:pickup/springaline_shard",
  "turnin": "elementalcraft:pickup/source_analysis_glass",
  "priority": true,
  "sortnum": 2,
  "pages": [
    {
      "type": "text",
      "text": "elementalcraft.page.source_analysis_glass0"
    },
    {
      "type": "crafting",
      "recipe": "elementalcraft:source_analysis_glass"
    }
  ]
}
