{
  "name": "block.elementalcraft.source",
  "category": "elementalcraft:sources",
  "icon": "elementalcraft:source",
  "priority": true,
  "sortnum": 0,
  "pages": [
    {
      "type": "text",
      "text": "elementalcraft.page.source0"
    },
    {
      "type": "text",
      "text": "elementalcraft.page.source1"
    },
    {
      "type": "image",
      "images": ["elementalcraft:textures/gui/entries/source0.png"],
      "border": true,
      "text": "elementalcraft.page.source2"
    }
  ]
}
