{
  "name": "elementalcraft.entry.source_traits",
  "category": "elementalcraft:sources",
  "icon": "elementalcraft:springaline_shard",
  "advancement": "elementalcraft:pickup/springaline_shard",
  "priority": true,
  "sortnum": 1,
  "pages": [
    {
      "type": "text",
      "text": "elementalcraft.page.source_traits0"
    },
    {
      "type": "text",
      "text": "elementalcraft.page.source_traits1"
    },
    {
      "type": "text",
      "text": "elementalcraft.page.source_traits2"
    },
    {
      "type": "text",
      "text": "elementalcraft.page.source_traits3"
    }
  ]
}
