{
  "type": "minecraft:entity",
  "pools": [
    {
      "bonus_rolls": 0.0,
      "entries": [
        {
          "type": "minecraft:item",
          "functions": [
            {
              "add": false,
              "count": {
                "type": "minecraft:uniform",
                "max": 7.0,
                "min": 5.0
              },
              "function": "minecraft:set_count"
            }
          ],
          "name": "elementalcraft:water_shard",
          "weight": 10
        },
        {
          "type": "minecraft:item",
          "name": "elementalcraft:powerful_water_shard"
        }
      ],
      "rolls": 1.0
    }
  ]
}