{
  "type": "apotheosis:attribute",
  "attribute": "irons_spellbooks:spell_power",
  "operation": "MULTIPLY_BASE",
  "values": {
    "common": {
      "min": 0.10,
      "steps": 1,
      "step": 0.0
    },
    "uncommon": {
      "min": 0.12,
      "steps": 1,
      "step": 0.0
    },
    "rare": {
      "min": 0.14,
      "steps": 1,
      "step": 0.0
    },
    "epic": {
      "min": 0.16,
      "steps": 1,
      "step": 0.0
    },
    "mythic": {
      "min": 0.18,
      "steps": 1,
      "step": 0.0
    },
    "ancient": {
      "min": 0.20,
      "steps": 1,
      "step": 0.0
    }
  },
  "types": [
    "sword",
    "trident"
  ]
}