{
  "type": "ars_nouveau:dungeon_loot",
  "common_chance": 0.3,
  "common_rolls": 3,
  "conditions": [
    {
      "condition": "minecraft:any_of",
      "terms": [
        {
          "condition": "neoforge:loot_table_id",
          "loot_table_id": "minecraft:chests/simple_dungeon"
        },
        {
          "condition": "neoforge:loot_table_id",
          "loot_table_id": "minecraft:chests/jungle_temple"
        },
        {
          "condition": "neoforge:loot_table_id",
          "loot_table_id": "minecraft:chests/abandoned_mineshaft"
        },
        {
          "condition": "neoforge:loot_table_id",
          "loot_table_id": "minecraft:chests/bastion_treasure"
        },
        {
          "condition": "neoforge:loot_table_id",
          "loot_table_id": "minecraft:chests/desert_pyramid"
        },
        {
          "condition": "neoforge:loot_table_id",
          "loot_table_id": "minecraft:chests/end_city_treasure"
        },
        {
          "condition": "neoforge:loot_table_id",
          "loot_table_id": "minecraft:chests/ruined_portal"
        },
        {
          "condition": "neoforge:loot_table_id",
          "loot_table_id": "minecraft:chests/pillager_outpost"
        },
        {
          "condition": "neoforge:loot_table_id",
          "loot_table_id": "minecraft:chests/nether_bridge"
        },
        {
          "condition": "neoforge:loot_table_id",
          "loot_table_id": "minecraft:chests/stronghold_corridor"
        },
        {
          "condition": "neoforge:loot_table_id",
          "loot_table_id": "minecraft:chests/stronghold_crossing"
        },
        {
          "condition": "neoforge:loot_table_id",
          "loot_table_id": "minecraft:chests/stronghold_library"
        },
        {
          "condition": "neoforge:loot_table_id",
          "loot_table_id": "minecraft:chests/woodland_mansion"
        },
        {
          "condition": "neoforge:loot_table_id",
          "loot_table_id": "minecraft:chests/underwater_ruin_big"
        },
        {
          "condition": "neoforge:loot_table_id",
          "loot_table_id": "minecraft:chests/underwater_ruin_small"
        }
      ]
    }
  ],
  "rare_chance": 0.1,
  "rare_rolls": 1,
  "uncommon_chance": 0.2,
  "uncommon_rolls": 2
}