{
  "key": "irons_spellbooks_arcane_ingot",
  "category": "metal",
  "primary": 5.5,
  "secondary": 3.8,
  "tertiary": 3,
  "durability": 750,
  "integrityCost": 2,
  "integrityGain": 5,
  "magicCapacity": 184,
  "toolLevel": "minecraft:diamond",
  "toolEfficiency": 7,
  "tints": {
    "glyph": "c8b7ff",
    "texture": "c8b7ff"
  },
  "textures": [
    "metal"
  ],
  "material": {
    "items": [
      "irons_spellbooks:arcane_ingot"
    ]
  },
  "attributes": {
    "irons_spellbooks:max_mana": 50
  },
  "requiredTools": {
    "hammer_dig": "minecraft:gold"
  }
}