{
	"pools": [
		{
			"rolls": {
				"min": 1,
				"max": 3
			},
			"entries": [
				{
					"type": "item",
					"weight": 1,
					"name": "mna:sachet_water",
					"functions": [
						{
							"function": "minecraft:set_count",
				              "count": {
				                "min": 1,
				                "max": 2
				              }
						}
					]
				},
				{
					"type": "item",
					"weight": 0.2,
					"name": "mna:mark_of_the_fey",
					"functions": [
						{
							"function": "set_count",
							"count": 1
						}
					]
				},
				{
					"type": "item",
					"weight": 1,
					"name": "minecraft:stick",
					"functions": [
						{
							"function": "set_count",
							"count": 3
						}
					]
				},
				{
					"type": "minecraft:tag",
					"weight": 0.25,
					"name": "minecraft:logs",
					"expand": true,
					"functions": [
						{
							"function": "set_count",
							"count": 1
						}
					]
				},
				{
					"type": "minecraft:tag",
					"weight": 0.1,
					"name": "minecraft:saplings",
					"expand": true,
					"functions": [
						{
							"function": "set_count",
							"count": 1
						}
					]
				}
			],
			"conditions": [
				{
					"condition": "minecraft:killed_by_player"
				}
			]
		}
	]
}
