{
	"pools": [
		{
			"rolls": {
				"min": 1,
				"max": 3
			},
			"entries": [
				{
					"type": "item",
					"weight": 1,
					"name": "mna:sachet_fire",
					"functions": [
						{
							"function": "minecraft:set_count",
				              	"count": {
				                	"min": 1,
				                	"max": 2
				            }
						}
					]
				},
				{
					"type": "item",
					"weight": 1,
					"name": "mna:mark_of_the_nether",
					"functions": [
						{
							"function": "set_count",
							"count": 1
						}
					]
				},
				{
					"type": "item",
					"weight": 1,
					"name": "minecraft:blaze_powder",
					"functions": [
						{
							"function": "set_count",
							"count": 1
						}
					]
				},
				{
					"type": "item",
					"weight": 1,
					"name": "mna:vinteum_dust",
					"functions": [
						{
							"function": "set_count",
							"count": 1
						}
					]
				}
			],
			"conditions": [
				{
					"condition": "minecraft:killed_by_player"
				}
			]
		}
	]
}
