{
	"type": "minecraft:entity",
	"pools": [
		{
			"rolls": {
				"min": 1,
				"max": 2
			},
			"entries": [
				{
					"type": "item",
					"weight": 1,
					"name": "mna:sachet_ender",
					"functions": [
						{
							"function": "minecraft:set_count",
				              	"count": {
				                	"min": 1,
				                	"max": 2
				            }
						}
					]
				},
				{
					"type": "minecraft:item",
					"functions": [
						{
							"function": "minecraft:set_count",
							"count": {
								"min": 0.0,
								"max": 2.0,
								"type": "minecraft:uniform"
							}
						}
					],
					"name": "minecraft:rotten_flesh"
				},
				{
					"type": "item",
					"weight": 1,
					"name": "mna:mark_of_the_undead",
					"functions": [
						{
							"function": "set_count",
							"count": 1
						}
					]
				}
			],
			"conditions": [
				{
					"condition": "minecraft:killed_by_player"
				}
			]
		}
	]
}
