{
	"type": "entity",
	"pools": [
		{
			"rolls": {
				"min": 1,
				"max": 1
			},
			"bonus_rolls": 0,
			"entries": [
				{
					"type": "item",
					"weight": 1,
					"name": "minecraft:carved_pumpkin"
				}
			],
			"conditions": [
				{
					"condition": "minecraft:killed_by_player"
				}
			]
		},
		{
			"rolls": {
				"min": 1,
				"max": 1
			},
			"bonus_rolls": 0,
			"entries": [
				{
					"type": "item",
					"weight": 1,
					"name": "mna:pumpkin_staff"					
				}
			],
			"conditions": [
				{
					"condition": "minecraft:killed_by_player"
				}
			]
		}
	]
}
