{
	"type": "entity",
	"pools": [
		{
			"rolls": {
				"min": 1,
				"max": 3
			},
			"bonus_rolls": 0,
			"entries": [
				{
					"type": "item",
					"weight": 1,
					"name": "mna:sachet_arcane",
					"functions": [
						{
							"function": "minecraft:set_count",
				              	"count": {
				                	"min": 1,
				                	"max": 2
				            }
						}
					]
				},
				{
					"type": "item",
					"weight": 1,
					"name": "mna:mark_of_the_council",
					"functions": [
						{
							"function": "set_count",
							"count": 1
						}
					]
				},
				{
					"type": "item",
					"weight": 1,
					"name": "minecraft:potion",
					"functions": [
						{
							"function": "set_count",
							"count": 1
						},
						{
							"function": "set_nbt",
							"tag": "{Potion:\"minecraft:slowness\"}"
						}
					]
				},							
				{
					"type": "item",
					"weight": 2,
					"name": "minecraft:crossbow",
					"functions": [
						{
							"function": "set_count",
							"count": 1
						}
					]
				},
				{
					"type": "item",
					"weight": 10,
					"name": "minecraft:arrow",
					"functions": [
						{
							"function": "set_count",
							"count": {
								"min": 1,
								"max": 5
							}
						}
					]
				}
			],
			"conditions": [
				{
					"condition": "minecraft:killed_by_player"
				}
			]
		}
	]
}
