{
  "required": true,
  "package": "alexthw.ars_elemental.mixin",
  "compatibilityLevel": "JAVA_21",
  "refmap": "ars_elemental.refmap.json",
  "mixins": [
    "ChillingPerkMixin",
    "DynamicLightMixin",
    "EvaporateMixin",
    "FlareMixin",
    "FoxInvoker",
    "GrowMixin",
    "ItemEntityMixin",
    "KindlingPerkMixin",
    "LightningMixin",
    "RitualAwakeningMixin",
    "ServerLevelMixin",
    "ZombieInvoker"
  ],
  "minVersion": "0.8",
  "client": [
    "EntityRenderDispatcherMixin",
    "SpellBookTextureMixin"
  ]
}