{
  "type": "apotheosis:attribute",
  "attribute": "irons_spellbooks:spell_power",
  "operation": "MULTIPLY_BASE",
  "values": {
    "common": {
      "min": 0.02,
      "steps": 1,
      "step": 0.0
    },
    "uncommon": {
      "min": 0.04,
      "steps": 1,
      "step": 0.0
    },
    "rare": {
      "min": 0.06,
      "steps": 1,
      "step": 0.0
    },
    "epic": {
      "min": 0.08,
      "steps": 1,
      "step": 0.0
    },
    "mythic": {
      "min": 0.10,
      "steps": 1,
      "step": 0.0
    },
    "ancient": {
      "min": 0.12,
      "steps": 1,
      "step": 0.0
    }
  },
  "types": [
    "helmet",
    "chestplate",
    "leggings",
    "boots"
  ]
}