{
  "pools": [
    {
      "rolls": 1,
      "bonus_rolls": 0.0,
      "conditions": [
        {
          "condition": "minecraft:killed_by_player"
        },
        {
          "condition": "minecraft:random_chance_with_enchanted_bonus",
          "enchantment": "minecraft:looting",
          "unenchanted_chance": 0.01,
          "enchanted_chance": {
            "type": "minecraft:linear",
            "base": 0.02,
            "per_level_above_first": 0.01
          }
        }
      ],
      "entries": [
        {
          "type": "minecraft:item",
          "name": "irons_spellbooks:evoker_spell_book"
        }
      ]
    }
  ]
}
