{
  "type": "minecraft:entity",
  "pools": [
    {
      "bonus_rolls": 0.0,
      "conditions": [
        {
          "condition": "minecraft:killed_by_player"
        }
      ],
      "entries": [
        {
          "type": "minecraft:item",
          "name": "irons_spellbooks:cinder_essence"
        }
      ],
      "rolls": 1.0
    },
    {
      "bonus_rolls": 0.0,
      "entries": [
        {
          "type": "minecraft:item",
          "name": "minecraft:netherite_scrap",
          "conditions": [
            {
              "condition": "minecraft:random_chance_with_enchanted_bonus",
              "enchantment": "minecraft:looting",
              "unenchanted_chance": 0.25,
              "enchanted_chance": {
                "type": "minecraft:linear",
                "base": 0.1,
                "per_level_above_first": 0.05
              }
            },
            {
              "condition": "minecraft:killed_by_player"
            }
          ]
        }
      ],
      "rolls": 1
    }
  ]
}