{
  "type": "minecraft:entity",
  "pools": [
    {
      "bonus_rolls": 0.0,
      "entries": [
        {
          "type": "minecraft:item",
          "functions": [
            {
              "add": false,
              "count": {
                "type": "minecraft:uniform",
                "max": 45.0,
                "min": 28.0
              },
              "function": "minecraft:set_count"
            },
            {
              "count": {
                "type": "minecraft:uniform",
                "max": 6.0,
                "min": 2.0
              },
              "function": "minecraft:enchanted_count_increase",
              "enchantment": "minecraft:looting"
            }
          ],
          "name": "irons_spellbooks:arcane_essence"
        }
      ],
      "rolls": 2
    },
    {
      "bonus_rolls": 0.0,
      "entries": [
        {
          "type": "minecraft:item",
          "name": "irons_spellbooks:scroll",
          "functions": [
            {
              "function": "irons_spellbooks:randomize_spell",
              "quality": {
                "min": 0.75,
                "max": 1
              }
            }
          ]
        }
      ],
      "rolls": 3
    },
    {
      "bonus_rolls": 0.0,
      "entries": [
        {
          "type": "minecraft:item",
          "name": "irons_spellbooks:blank_rune"
        },
        {
          "type": "minecraft:item",
          "name": "irons_spellbooks:legendary_ink"
        }
      ],
      "rolls": 3
    },
    {
      "entries": [
        {
          "type": "minecraft:item",
          "name": "irons_spellbooks:blood_staff"
        },
        {
          "type": "minecraft:item",
          "name": "irons_spellbooks:necronomicon_spell_book"
        }
      ],
      "rolls": 1
    }
  ]
}