{
  "type": "minecraft:entity",
  "pools": [
    {
      "bonus_rolls": 0.0,
      "entries": [
        {
          "type": "minecraft:item",
          "functions": [
            {
              "add": false,
              "count": {
                "type": "minecraft:uniform",
                "max": 4.0,
                "min": 0.0
              },
              "function": "minecraft:set_count"
            },
            {
              "count": {
                "type": "minecraft:uniform",
                "max": 1.0,
                "min": 0.0
              },
              "function": "minecraft:enchanted_count_increase",
              "enchantment": "minecraft:looting"
            }
          ],
          "name": "irons_spellbooks:arcane_essence"
        }
      ],
      "rolls": 1.0
    },
    {
      "bonus_rolls": 0.0,
      "entries": [
        {
          "type": "minecraft:item",
          "name": "irons_spellbooks:scroll",
          "functions": [
            {
              "function": "irons_spellbooks:randomize_spell",
              "quality": {
                "min": 0.0,
                "max": 0.3
              }
            }
          ],
          "conditions": [
            {
              "condition": "minecraft:random_chance_with_enchanted_bonus",
              "enchantment": "minecraft:looting",
              "unenchanted_chance": 0.25,
              "enchanted_chance": {
                "type": "minecraft:linear",
                "base": 0.1,
                "per_level_above_first": 0.05
              }
            },
            {
              "condition": "minecraft:killed_by_player"
            }
          ]
        }
      ],
      "rolls": 1
    }
  ]
}