{
  "category": "ars_nouveau:armor",
  "icon": "ars_elemental:aqua_hat",
  "name": "ars_elemental.armor_set.aqua",
  "pages": [
    {
      "type": "patchouli:text",
      "text": "ars_elemental.page.armor_set.wip"
    },
    {
      "type": "patchouli:text",
      "text": "ars_elemental.page.armor_set.aqua"
    },
    {
      "type": "ars_nouveau:elemental_armor_recipe",
      "recipe": "ars_elemental:aqua_hat"
    },
    {
      "type": "ars_nouveau:elemental_armor_recipe",
      "recipe": "ars_elemental:aqua_robes"
    },
    {
      "type": "ars_nouveau:elemental_armor_recipe",
      "recipe": "ars_elemental:aqua_leggings"
    },
    {
      "type": "ars_nouveau:elemental_armor_recipe",
      "recipe": "ars_elemental:aqua_boots"
    }
  ]
}