{
  "category": "ars_nouveau:armor",
  "icon": "ars_elemental:fire_hat",
  "name": "ars_elemental.armor_set.fire",
  "pages": [
    {
      "type": "patchouli:text",
      "text": "ars_elemental.page.armor_set.wip"
    },
    {
      "type": "patchouli:text",
      "text": "ars_elemental.page.armor_set.fire"
    },
    {
      "type": "ars_nouveau:elemental_armor_recipe",
      "recipe": "ars_elemental:fire_hat"
    },
    {
      "type": "ars_nouveau:elemental_armor_recipe",
      "recipe": "ars_elemental:fire_robes"
    },
    {
      "type": "ars_nouveau:elemental_armor_recipe",
      "recipe": "ars_elemental:fire_leggings"
    },
    {
      "type": "ars_nouveau:elemental_armor_recipe",
      "recipe": "ars_elemental:fire_boots"
    }
  ]
}