{
  "category": "ars_nouveau:armor",
  "icon": "ars_elemental:air_hat",
  "name": "ars_elemental.armor_set.air",
  "pages": [
    {
      "type": "patchouli:text",
      "text": "ars_elemental.page.armor_set.wip"
    },
    {
      "type": "patchouli:text",
      "text": "ars_elemental.page.armor_set.air"
    },
    {
      "type": "ars_nouveau:elemental_armor_recipe",
      "recipe": "ars_elemental:air_hat"
    },
    {
      "type": "ars_nouveau:elemental_armor_recipe",
      "recipe": "ars_elemental:air_robes"
    },
    {
      "type": "ars_nouveau:elemental_armor_recipe",
      "recipe": "ars_elemental:air_leggings"
    },
    {
      "type": "ars_nouveau:elemental_armor_recipe",
      "recipe": "ars_elemental:air_boots"
    }
  ]
}