{
	"name": "item.elementalcraft.element_book",
	"landing_text": "elementalcraft.landing",
	"creative_tab": "elementalcraft",
	"model": "elementalcraft:element_book",
	"i18n": true, 
	"version": 23,
	"macros": {
		"$(ec:source)": "$(l:sources/source)",
		"$(ec:container)": "$(l:instruments/container)",
		"$(ec:small_container)": "$(l:instruments/small_container)",
		"$(ec:pipe)": "$(l:pipes/elementpipe)",
		"$(ec:infuser)": "$(l:instruments/infuser)",
		"$(ec:extractor)": "$(l:instruments/extractor)",
		"$(ec:binder)": "$(l:instruments/binder)",
		"$(ec:firefurnace)": "$(l:instruments/firefurnace)",
		"$(ec:holder)": "$(l:advanced/element_holder)",
		"$(ec:source_traits)": "$(l:source/source_traits)",
		"$(ec:rune)": "$(l:advanced/rune)"
	}
}
