{
  "key": "irons_spellbooks_cooldown_rune_socket",
  "hidden": false,
  "category": "socket",
  "primary": 0,
  "secondary": 0,
  "tertiary": 0,
  "durability": 0,
  "integrityCost": -1,
  "integrityGain": 0,
  "magicCapacity": 0,
  "toolLevel": 0,
  "toolEfficiency": 0,
  "tints": {
    "glyph": "ffddfd",
    "texture": "ffddfd"
  },
  "textures": [
    "perk_glow_0",
    "perk_sided_0"
  ],
  "material": {
    "items": [
      "irons_spellbooks:cooldown_rune"
    ]
  },
  "attributes": {
    "**irons_spellbooks:cooldown_reduction": 0.25
  }
}