{
  "key": "permafrost_shard",
  "category": "socket",
  "primary": 0,
  "secondary": 0,
  "tertiary": 0,
  "durability": 256,
  "integrityCost": 1,
  "integrityGain": 0,
  "magicCapacity": 0,
  "toolLevel": 0,
  "toolEfficiency": 5,
  "attributes": {
    "**irons_spellbooks:ice_spell_power": 0.1,
    "irons_spellbooks:max_mana": 25
  },
  "tints": {
    "glyph": "66ccff",
    "texture": "66ccff"
  },
  "textures": [
    "default"
  ],
  "experienceCost": 15,
  "material": {
    "items": [
      "irons_spellbooks:permafrost_shard"
    ]
  }
}