{
  "order": 2,
  "value": {
    "type": "elementalcraft:predicate",
    "predicate": {
      "type": "elementalcraft:range_from_spawn",
      "range": 100
    },
    "provider": {
      "type": "elementalcraft:chance",
      "chance": 0.5,
      "chance_on_bred": 0.1,
      "provider": {
        "type": "elementalcraft:steps",
        "steps": [
          {
            "breed_index": -5,
            "luck_ratio": 2.0,
            "name": "source_trait.elementalcraft.nocturnal.5",
            "predicate": {
              "type": "dpanvil:none"
            },
            "values": {
              "breeding_cost": 1.5,
              "recover_rate": 0.5
            },
            "weight": 1
          },
          {
            "breed_index": -4,
            "name": "source_trait.elementalcraft.nocturnal.4",
            "predicate": {
              "type": "dpanvil:none"
            },
            "values": {
              "breeding_cost": 1.4,
              "recover_rate": 0.5714286
            },
            "weight": 3
          },
          {
            "breed_index": -3,
            "name": "source_trait.elementalcraft.nocturnal.3",
            "predicate": {
              "type": "elementalcraft:range_from_spawn",
              "range": 1000
            },
            "values": {
              "breeding_cost": 1.3,
              "recover_rate": 0.6666667
            },
            "weight": 5
          },
          {
            "breed_index": -3,
            "luck_ratio": -1.0,
            "name": "source_trait.elementalcraft.nocturnal.2",
            "predicate": {
              "type": "elementalcraft:range_from_spawn",
              "range": 500
            },
            "values": {
              "breeding_cost": 1.2,
              "recover_rate": 0.8
            },
            "weight": 10
          },
          {
            "breed_index": -1,
            "luck_ratio": -2.0,
            "name": "source_trait.elementalcraft.nocturnal.1",
            "values": {
              "breeding_cost": 1.1,
              "recover_rate": 0.9090909
            },
            "weight": 20
          },
          {
            "breed_index": 1,
            "luck_ratio": -2.0,
            "name": "source_trait.elementalcraft.diurnal.1",
            "values": {
              "breeding_cost": 1.1,
              "recover_rate": 1.1
            },
            "weight": 20
          },
          {
            "breed_index": 2,
            "luck_ratio": -1.0,
            "name": "source_trait.elementalcraft.diurnal.2",
            "predicate": {
              "type": "elementalcraft:range_from_spawn",
              "range": 500
            },
            "values": {
              "breeding_cost": 1.2,
              "recover_rate": 1.25
            },
            "weight": 10
          },
          {
            "breed_index": 3,
            "name": "source_trait.elementalcraft.diurnal.3",
            "predicate": {
              "type": "elementalcraft:range_from_spawn",
              "range": 1000
            },
            "values": {
              "breeding_cost": 1.3,
              "recover_rate": 1.5
            },
            "weight": 5
          },
          {
            "breed_index": 4,
            "name": "source_trait.elementalcraft.diurnal.4",
            "predicate": {
              "type": "dpanvil:none"
            },
            "values": {
              "breeding_cost": 1.4,
              "recover_rate": 1.75
            },
            "weight": 3
          },
          {
            "breed_index": 5,
            "luck_ratio": 2.0,
            "name": "source_trait.elementalcraft.diurnal.5",
            "predicate": {
              "type": "dpanvil:none"
            },
            "values": {
              "breeding_cost": 1.5,
              "recover_rate": 2.0
            },
            "weight": 1
          }
        ]
      }
    }
  }
}