{
  "order": 5,
  "value": {
    "type": "elementalcraft:predicate",
    "predicate": {
      "type": "dpanvil:none"
    },
    "provider": {
      "type": "elementalcraft:chance",
      "chance": 0.25,
      "chance_on_bred": 0.25,
      "provider": {
        "type": "elementalcraft:steps",
        "steps": [
          {
            "breed_index": -5,
            "luck_ratio": 2.0,
            "name": "source_trait.elementalcraft.barren.5",
            "values": {
              "breeding_cost": 10.0
            },
            "weight": 1
          },
          {
            "breed_index": -4,
            "name": "source_trait.elementalcraft.barren.4",
            "values": {
              "breeding_cost": 5.0
            },
            "weight": 3
          },
          {
            "breed_index": -3,
            "name": "source_trait.elementalcraft.barren.3",
            "values": {
              "breeding_cost": 2.857143
            },
            "weight": 5
          },
          {
            "breed_index": -2,
            "luck_ratio": -1.0,
            "name": "source_trait.elementalcraft.barren.2",
            "values": {
              "breeding_cost": 2.0
            },
            "weight": 10
          },
          {
            "breed_index": -1,
            "luck_ratio": -2.0,
            "name": "source_trait.elementalcraft.barren.1",
            "values": {
              "breeding_cost": 1.3333334
            },
            "weight": 20
          },
          {
            "breed_index": 1,
            "luck_ratio": -2.0,
            "name": "source_trait.elementalcraft.fertile.1",
            "values": {
              "breeding_cost": 0.75
            },
            "weight": 20
          },
          {
            "breed_index": 2,
            "luck_ratio": -1.0,
            "name": "source_trait.elementalcraft.fertile.2",
            "values": {
              "breeding_cost": 0.5
            },
            "weight": 10
          },
          {
            "breed_index": 3,
            "name": "source_trait.elementalcraft.fertile.3",
            "values": {
              "breeding_cost": 0.35
            },
            "weight": 5
          },
          {
            "breed_index": 4,
            "name": "source_trait.elementalcraft.fertile.4",
            "values": {
              "breeding_cost": 0.2
            },
            "weight": 3
          },
          {
            "breed_index": 5,
            "luck_ratio": 2.0,
            "name": "source_trait.elementalcraft.fertile.5",
            "values": {
              "breeding_cost": 0.1
            },
            "weight": 1
          }
        ]
      }
    }
  }
}