{
  "order": 3,
  "value": {
    "type": "elementalcraft:predicate",
    "predicate": {
      "type": "elementalcraft:range_from_spawn",
      "range": 500
    },
    "provider": {
      "type": "elementalcraft:chance",
      "chance": 0.5,
      "chance_on_bred": 0.1,
      "provider": {
        "type": "elementalcraft:steps",
        "steps": [
          {
            "breed_index": -5,
            "luck_ratio": 2.0,
            "name": "source_trait.elementalcraft.selfish.5",
            "predicate": {
              "type": "dpanvil:none"
            },
            "values": {
              "breeding_cost": 1.5,
              "extraction_speed": 0.6666667
            },
            "weight": 1
          },
          {
            "breed_index": -4,
            "name": "source_trait.elementalcraft.selfish.4",
            "predicate": {
              "type": "dpanvil:none"
            },
            "values": {
              "breeding_cost": 1.4,
              "extraction_speed": 0.7692308
            },
            "weight": 3
          },
          {
            "breed_index": -3,
            "name": "source_trait.elementalcraft.selfish.3",
            "predicate": {
              "type": "elementalcraft:range_from_spawn",
              "range": 2500
            },
            "values": {
              "breeding_cost": 1.3,
              "extraction_speed": 0.8333333
            },
            "weight": 5
          },
          {
            "breed_index": -2,
            "luck_ratio": -1.0,
            "name": "source_trait.elementalcraft.selfish.2",
            "predicate": {
              "type": "elementalcraft:range_from_spawn",
              "range": 1000
            },
            "values": {
              "breeding_cost": 1.2,
              "extraction_speed": 0.9090909
            },
            "weight": 10
          },
          {
            "breed_index": -1,
            "luck_ratio": -2.0,
            "name": "source_trait.elementalcraft.selfish.1",
            "values": {
              "breeding_cost": 1.1,
              "extraction_speed": 0.952381
            },
            "weight": 20
          },
          {
            "breed_index": 1,
            "luck_ratio": -2.0,
            "name": "source_trait.elementalcraft.generous.1",
            "values": {
              "breeding_cost": 1.1,
              "extraction_speed": 1.05
            },
            "weight": 20
          },
          {
            "breed_index": 2,
            "luck_ratio": -1.0,
            "name": "source_trait.elementalcraft.generous.2",
            "predicate": {
              "type": "elementalcraft:range_from_spawn",
              "range": 1000
            },
            "values": {
              "breeding_cost": 1.2,
              "extraction_speed": 1.1
            },
            "weight": 10
          },
          {
            "breed_index": 3,
            "name": "source_trait.elementalcraft.generous.3",
            "predicate": {
              "type": "elementalcraft:range_from_spawn",
              "range": 2500
            },
            "values": {
              "breeding_cost": 1.3,
              "extraction_speed": 1.2
            },
            "weight": 5
          },
          {
            "breed_index": 4,
            "name": "source_trait.elementalcraft.generous.4",
            "predicate": {
              "type": "dpanvil:none"
            },
            "values": {
              "breeding_cost": 1.4,
              "extraction_speed": 1.3
            },
            "weight": 3
          },
          {
            "breed_index": 5,
            "luck_ratio": 2.0,
            "name": "source_trait.elementalcraft.generous.5",
            "predicate": {
              "type": "dpanvil:none"
            },
            "values": {
              "breeding_cost": 1.5,
              "extraction_speed": 1.5
            },
            "weight": 1
          }
        ]
      }
    }
  }
}