{
  "name": "block.elementalcraft.binder",
  "category": "elementalcraft:instruments",
  "icon": "elementalcraft:binder",
  "advancement": "elementalcraft:pickup/container",
  "turnin": "elementalcraft:pickup/binder",
  "priority": true,
  "sortnum": 7,
  "pages": [
    {
      "type": "text",
      "text": "elementalcraft.page.binder0"
    },
    {
      "type": "crafting",
      "recipe": "elementalcraft:binder"
    },
    {
      "type": "multiblock",
      "multiblock": {
        "mapping": {
          "I": "elementalcraft:binder",
          "0": "elementalcraft:container"
        },
        "pattern": [
          ["I"],
          ["0"]
        ]
      }
    }
  ]
}
