{
  "name": "block.elementalcraft.evaporator",
  "category": "elementalcraft:instruments",
  "icon": "elementalcraft:evaporator",
  "advancement": "elementalcraft:pickup/small_container",
  "turnin": "elementalcraft:pickup/evaporator",
  "sortnum": 2,
  "pages": [
    {
      "type": "text",
      "text": "elementalcraft.page.evaporator0"
    },
    {
      "type": "crafting",
      "recipe": "elementalcraft:evaporator"
    },
    {
      "type": "multiblock",
      "multiblock": {
        "mapping": {
          "I": "elementalcraft:evaporator",
          "0": "elementalcraft:small_container"
        },
        "pattern": [
          ["I"],
          ["0"]
        ]
      }
    }
  ]
}
