{
  "name": "block.elementalcraft.extractor",
  "category": "elementalcraft:instruments",
  "icon": "elementalcraft:extractor",
  "advancement": "elementalcraft:pickup/small_container",
  "turnin": "elementalcraft:pickup/extractor",
  "priority": true,
  "sortnum": 1,
  "pages": [
    {
      "type": "text",
      "text": "elementalcraft.page.extractor0"
    },
    {
      "type": "crafting",
      "recipe": "elementalcraft:extractor"
    },
    {
      "type": "multiblock",
      "multiblock": {
        "mapping": {
          "I": "elementalcraft:extractor",
          "0": "elementalcraft:small_container"
        },
        "pattern": [
          ["I"],
          ["0"]
        ]
      }
    }
  ]
}
