{
  "name": "block.elementalcraft.firefurnace",
  "category": "elementalcraft:instruments",
  "icon": "elementalcraft:firefurnace",
  "advancement": "elementalcraft:pickup/container",
  "turnin": "elementalcraft:pickup/firefurnace",
  "sortnum": 11,
  "pages": [
    {
      "type": "text",
      "text": "elementalcraft.page.firefurnace0"
    },
    {
      "type": "crafting",
      "recipe": "elementalcraft:firefurnace"
    },
    {
      "type": "multiblock",
      "multiblock": {
        "mapping": {
          "I": "elementalcraft:firefurnace",
          "0": "elementalcraft:container"
        },
        "pattern": [
          ["I"],
          ["0"]
        ]
      }
    }
  ]
}
