{
  "name": "block.elementalcraft.infuser",
  "category": "elementalcraft:instruments",
  "icon": "elementalcraft:infuser",
  "advancement": "elementalcraft:pickup/small_container",
  "turnin": "elementalcraft:pickup/infuser",
  "priority": true,
  "sortnum": 3,
  "pages": [
    {
      "type": "text",
      "text": "elementalcraft.page.infuser0"
    },
    {
      "type": "crafting",
      "recipe": "elementalcraft:infuser"
    },
    {
      "type": "multiblock",
      "multiblock": {
        "mapping": {
          "I": "elementalcraft:infuser",
          "0": "elementalcraft:small_container"
        },
        "pattern": [
          ["I"],
          ["0"]
        ]
      }
    }
  ]
}
