{
  "name": "block.elementalcraft.inscriber",
  "category": "elementalcraft:instruments",
  "icon": "elementalcraft:inscriber",
  "advancement": "elementalcraft:pickup/crystallizer",
  "turnin": "elementalcraft:pickup/inscriber",
  "sortnum": 10,
  "pages": [
    {
      "type": "text",
      "text": "elementalcraft.page.inscriber0"
    },
    {
      "type": "crafting",
      "recipe": "elementalcraft:inscriber",
      "recipe2": "elementalcraft:chisel"
    },
    {
      "type": "multiblock",
      "multiblock": {
        "mapping": {
          "I": "elementalcraft:inscriber",
          "0": "elementalcraft:container"
        },
        "pattern": [
          ["I"],
          ["0"]
        ]
      }
    }
  ]
}
