{
  "name": "block.elementalcraft.purifier",
  "category": "elementalcraft:instruments",
  "icon": "elementalcraft:purifier",
  "advancement": "elementalcraft:pickup/purecrystal",
  "turnin": "elementalcraft:pickup/purifier",
  "sortnum": 14,
  "pages": [
    {
      "type": "text",
      "text": "elementalcraft.page.purifier0"
    },
    {
      "type": "crafting",
      "recipe": "elementalcraft:purifier"
    },
    {
      "type": "multiblock",
      "multiblock": {
        "mapping": {
          "I": "elementalcraft:purifier",
          "0": "elementalcraft:container"
        },
        "pattern": [
          ["I"],
          ["0"]
        ]
      }
    }
  ]
}
