{
  "name": "block.elementalcraft.solar_synthesizer",
  "category": "elementalcraft:instruments",
  "icon": "elementalcraft:solar_synthesizer",
  "advancement": "elementalcraft:pickup/swift_alloy_ingot",
  "turnin": "elementalcraft:pickup/solar_synthesizer",
  "sortnum": 8,
  "pages": [
    {
      "type": "text",
      "text": "elementalcraft.page.solar_synthesizer0"
    },
    {
      "type": "crafting",
      "recipe": "elementalcraft:solar_synthesizer"
    },
    {
      "type": "multiblock",
      "multiblock": {
        "mapping": {
          "I": "elementalcraft:solar_synthesizer",
          "0": "elementalcraft:container"
        },
        "pattern": [
          ["I"],
          ["0"]
        ]
      }
    }
  ]
}
