{
  "pools": [
    {
      "rolls": 1,
      "entries": [
        {
          "type": "minecraft:item",
          "name": "irons_spellbooks:rotten_spell_book"
        }
      ],
      "conditions": [
        {
          "condition": "minecraft:random_chance",
          "chance": 0.05
        }
      ]
    },
    {
      "rolls": 1,
      "entries": [
        {
          "weight": 2,
          "type": "minecraft:item",
          "name": "irons_spellbooks:scroll",
          "functions": [
            {
              "function": "irons_spellbooks:randomize_spell",
              "quality": {
                "min": 0.3,
                "max": 1
              }
            }
          ]
        },
        {
          "type": "minecraft:item",
          "name": "irons_spellbooks:blank_rune"
        }
      ]
    },
    {
      "rolls": 12,
      "entries": [
        {
          "type": "minecraft:item",
          "weight": 5,
          "name": "minecraft:wheat",
          "functions": [
            {
              "function": "minecraft:set_count",
              "count": {
                "min": 1,
                "max": 4
              }
            }
          ]
        },
        {
          "type": "minecraft:item",
          "weight": 1,
          "name": "minecraft:hay_block"
        }
      ]
    },
    {
      "rolls": 3,
      "entries": [
        {
          "type": "minecraft:item",
          "weight": 5,
          "name": "minecraft:emerald",
          "functions": [
            {
              "function": "minecraft:set_count",
              "count": {
                "min": 1,
                "max": 4
              }
            }
          ]
        },
        {
          "type": "minecraft:item",
          "weight": 1,
          "name": "minecraft:diamond"
        }
      ]
    }
  ]
}
