{
  "pools": [
    {
      "rolls": 1,
      "entries": [
        {
          "weight": 9,
          "type": "minecraft:empty"
        },
        {
          "weight": 4,
          "type": "minecraft:item",
          "functions": [
            {
              "count": {
                "min": 1,
                "max": 5
              },
              "function": "minecraft:set_count"
            }
          ],
          "name": "minecraft:emerald"
        },
        {
          "weight": 3,
          "type": "minecraft:item",
          "functions": [
            {
              "count": {
                "min": 2,
                "max": 7
              },
              "function": "minecraft:set_count"
            }
          ],
          "name": "irons_spellbooks:arcane_essence"
        },
        {
          "weight": 4,
          "type": "minecraft:item",
          "functions": [
            {
              "count": {
                "min": 1,
                "max": 3
              },
              "function": "minecraft:set_count"
            }
          ],
          "name": "minecraft:bone"
        },
        {
          "weight": 4,
          "type": "minecraft:item",
          "functions": [
            {
              "count": {
                "min": 1,
                "max": 2
              },
              "function": "minecraft:set_count"
            }
          ],
          "name": "minecraft:cobweb"
        },
        {
          "weight": 1,
          "type": "minecraft:item",
          "name": "irons_spellbooks:music_disc_dead_king_lullaby"
        },
        {
          "weight": 1,
          "type": "minecraft:item",
          "name": "minecraft:diamond"
        },
        {
          "weight": 1,
          "type": "minecraft:item",
          "name": "minecraft:skeleton_skull"
        }
      ]
    }
  ]
}
