{
  "category": "ars_nouveau:resources",
  "icon": "ars_elemental:yellow_archwood",
  "name": "ars_nouveau.page.flashing_archwood",
  "pages": [
    {
      "type": "patchouli:text",
      "text": "ars_elemental.page1.flashing_archwood"
    },
    {
      "type": "patchouli:spotlight",
      "item": "ars_elemental:flashpine_pod",
      "link_recipe": true,
      "text": "ars_elemental.page2.flashing_archwood"
    },
    {
      "type": "patchouli:entity",
      "entity": "ars_elemental:flashing_weald_walker"
    }
  ]
}