{
  "name": "block.elementalcraft.pureinfuser",
  "category": "elementalcraft:basics",
  "icon": "elementalcraft:pureinfuser",
  "advancement": "elementalcraft:pickup/crystallizer",
  "turnin": "elementalcraft:pickup/pureinfuser",
  "priority": true,
  "sortnum": 9,
  "pages": [
    {
      "type": "text",
      "text": "elementalcraft.page.pureinfuser0"
    },
    {
      "type": "crafting",
      "recipe": "elementalcraft:pureinfuser"
    },
    {
      "type": "multiblock",
      "multiblock": {
        "mapping": {
          "w": "elementalcraft:pedestal_water",
          "f": "elementalcraft:pedestal_fire",
          "e": "elementalcraft:pedestal_earth",
          "a": "elementalcraft:pedestal_air",
          "0": "elementalcraft:pureinfuser"
        },
        "pattern": [
          ["   w   ",
           "       ",
           "       ",
           "f  0  e",
           "       ",
           "       ",
           "   a   "]
        ]
      }
    }
  ]
}
