{
  "type": "minecraft:block",
  "pools": [
    {
      "bonus_rolls": 0.0,
      "conditions": [
        {
          "condition": "minecraft:survives_explosion"
        }
      ],
      "entries": [
        {
          "type": "minecraft:item",
          "conditions": [
            {
              "block": "elementalcraft:air_mill_grindstone",
              "condition": "minecraft:block_state_property",
              "properties": {
                "half": "lower"
              }
            }
          ],
          "name": "elementalcraft:air_mill_grindstone"
        }
      ],
      "rolls": 1.0
    },
    {
      "bonus_rolls": 0.0,
      "conditions": [
        {
          "condition": "minecraft:survives_explosion"
        },
        {
          "block": "elementalcraft:air_mill_grindstone",
          "condition": "minecraft:block_state_property",
          "properties": {
            "half": "lower"
          }
        }
      ],
      "entries": [
        {
          "type": "elementalcraft:runes"
        }
      ],
      "name": "elementalcraft:runes",
      "rolls": 1.0
    }
  ]
}