{
  "type": "minecraft:block",
  "pools": [
    {
      "bonus_rolls": 0.0,
      "conditions": [
        {
          "condition": "minecraft:survives_explosion"
        }
      ],
      "entries": [
        {
          "type": "minecraft:item",
          "name": "elementalcraft:elementpipe_improved"
        }
      ],
      "rolls": 1.0
    },
    {
      "bonus_rolls": 0.0,
      "conditions": [
        {
          "condition": "minecraft:alternative",
          "terms": [
            {
              "block": "elementalcraft:elementpipe_improved",
              "condition": "minecraft:block_state_property",
              "properties": {
                "cover": "frame"
              }
            },
            {
              "block": "elementalcraft:elementpipe_improved",
              "condition": "minecraft:block_state_property",
              "properties": {
                "cover": "covered"
              }
            }
          ]
        }
      ],
      "entries": [
        {
          "type": "minecraft:item",
          "name": "elementalcraft:cover_frame"
        }
      ],
      "rolls": 1.0
    }
  ]
}