{
  "type": "minecraft:block",
  "pools": [
    {
      "bonus_rolls": 0.0,
      "conditions": [
        {
          "condition": "minecraft:survives_explosion"
        }
      ],
      "entries": [
        {
          "type": "minecraft:item",
          "name": "elementalcraft:springshrine"
        }
      ],
      "functions": [
        {
          "function": "minecraft:copy_nbt",
          "ops": [
            {
              "op": "replace",
              "source": "element_storage",
              "target": "BlockEntityTag.element_storage"
            }
          ],
          "source": "block_entity"
        }
      ],
      "rolls": 1.0
    }
  ]
}