{
  "parent": "ars_nouveau:enchanting_apparatus",
  "criteria": {
    "has_everfull_urn": {
      "conditions": {
        "items": [
          {
            "items": "ars_elemental:everfull_urn"
          }
        ]
      },
      "trigger": "minecraft:inventory_changed"
    }
  },
  "display": {
    "description": {
      "translate": "ars_elemental.adv.desc.everfull_urn"
    },
    "icon": {
      "count": 1,
      "id": "ars_elemental:everfull_urn"
    },
    "title": {
      "translate": "ars_elemental.adv.title.everfull_urn"
    }
  },
  "requirements": [
    [
      "has_everfull_urn"
    ]
  ]
}