{
  "parent": "ars_nouveau:poof_mob",
  "criteria": {
    "has_siren_charm": {
      "conditions": {
        "items": [
          {
            "items": "ars_elemental:siren_charm"
          }
        ]
      },
      "trigger": "minecraft:inventory_changed"
    }
  },
  "display": {
    "description": {
      "translate": "ars_elemental.adv.desc.siren_charm"
    },
    "icon": {
      "count": 1,
      "id": "ars_elemental:siren_charm"
    },
    "title": {
      "translate": "ars_elemental.adv.title.siren_charm"
    }
  },
  "requirements": [
    [
      "has_siren_charm"
    ]
  ]
}