{
  "format_version": "1.12.0",
  "minecraft:geometry": [
    {
      "description": {
        "identifier": "geometry.unknown",
        "texture_width": 64,
        "texture_height": 64,
        "visible_bounds_width": 3,
        "visible_bounds_height": 2.5,
        "visible_bounds_offset": [
          0,
          0.75,
          0
        ]
      },
      "bones": [
        {
          "name": "master",
          "pivot": [
            0,
            8,
            0
          ]
        },
        {
          "name": "frame",
          "parent": "master",
          "pivot": [
            -8,
            0,
            8
          ],
          "cubes": [
            {
              "origin": [
                6,
                2,
                -8
              ],
              "size": [
                2,
                12,
                2
              ],
              "uv": {
                "north": {
                  "uv": [
                    30,
                    38
                  ],
                  "uv_size": [
                    2,
                    12
                  ]
                },
                "east": {
                  "uv": [
                    32,
                    38
                  ],
                  "uv_size": [
                    2,
                    12
                  ]
                },
                "south": {
                  "uv": [
                    34,
                    38
                  ],
                  "uv_size": [
                    2,
                    12
                  ]
                },
                "west": {
                  "uv": [
                    36,
                    38
                  ],
                  "uv_size": [
                    2,
                    12
                  ]
                },
                "up": {
                  "uv": [
                    44,
                    44
                  ],
                  "uv_size": [
                    2,
                    2
                  ]
                },
                "down": {
                  "uv": [
                    46,
                    4
                  ],
                  "uv_size": [
                    2,
                    -2
                  ]
                }
              }
            },
            {
              "origin": [
                6,
                2,
                6
              ],
              "size": [
                2,
                12,
                2
              ],
              "uv": {
                "north": {
                  "uv": [
                    2,
                    44
                  ],
                  "uv_size": [
                    2,
                    12
                  ]
                },
                "east": {
                  "uv": [
                    44,
                    2
                  ],
                  "uv_size": [
                    2,
                    12
                  ]
                },
                "south": {
                  "uv": [
                    4,
                    44
                  ],
                  "uv_size": [
                    2,
                    12
                  ]
                },
                "west": {
                  "uv": [
                    6,
                    44
                  ],
                  "uv_size": [
                    2,
                    12
                  ]
                },
                "up": {
                  "uv": [
                    46,
                    26
                  ],
                  "uv_size": [
                    2,
                    2
                  ]
                },
                "down": {
                  "uv": [
                    46,
                    30
                  ],
                  "uv_size": [
                    2,
                    -2
                  ]
                }
              }
            },
            {
              "origin": [
                -8,
                2,
                6
              ],
              "size": [
                2,
                12,
                2
              ],
              "uv": {
                "north": {
                  "uv": [
                    8,
                    44
                  ],
                  "uv_size": [
                    2,
                    12
                  ]
                },
                "east": {
                  "uv": [
                    10,
                    44
                  ],
                  "uv_size": [
                    2,
                    12
                  ]
                },
                "south": {
                  "uv": [
                    14,
                    44
                  ],
                  "uv_size": [
                    2,
                    12
                  ]
                },
                "west": {
                  "uv": [
                    44,
                    14
                  ],
                  "uv_size": [
                    2,
                    12
                  ]
                },
                "up": {
                  "uv": [
                    46,
                    30
                  ],
                  "uv_size": [
                    2,
                    2
                  ]
                },
                "down": {
                  "uv": [
                    46,
                    34
                  ],
                  "uv_size": [
                    2,
                    -2
                  ]
                }
              }
            },
            {
              "origin": [
                -8,
                2,
                -8
              ],
              "size": [
                2,
                12,
                2
              ],
              "uv": {
                "north": {
                  "uv": [
                    16,
                    44
                  ],
                  "uv_size": [
                    2,
                    12
                  ]
                },
                "east": {
                  "uv": [
                    18,
                    44
                  ],
                  "uv_size": [
                    2,
                    12
                  ]
                },
                "south": {
                  "uv": [
                    20,
                    44
                  ],
                  "uv_size": [
                    2,
                    12
                  ]
                },
                "west": {
                  "uv": [
                    22,
                    44
                  ],
                  "uv_size": [
                    2,
                    12
                  ]
                },
                "up": {
                  "uv": [
                    46,
                    34
                  ],
                  "uv_size": [
                    2,
                    2
                  ]
                },
                "down": {
                  "uv": [
                    46,
                    42
                  ],
                  "uv_size": [
                    2,
                    -2
                  ]
                }
              }
            },
            {
              "origin": [
                -8,
                14,
                -8
              ],
              "size": [
                16,
                2,
                2
              ],
              "uv": {
                "north": {
                  "uv": [
                    14,
                    28
                  ],
                  "uv_size": [
                    16,
                    2
                  ]
                },
                "east": {
                  "uv": [
                    24,
                    44
                  ],
                  "uv_size": [
                    2,
                    2
                  ]
                },
                "south": {
                  "uv": [
                    28,
                    14
                  ],
                  "uv_size": [
                    16,
                    2
                  ]
                },
                "west": {
                  "uv": [
                    44,
                    26
                  ],
                  "uv_size": [
                    2,
                    2
                  ]
                },
                "up": {
                  "uv": [
                    28,
                    16
                  ],
                  "uv_size": [
                    16,
                    2
                  ]
                },
                "down": {
                  "uv": [
                    28,
                    20
                  ],
                  "uv_size": [
                    16,
                    -2
                  ]
                }
              }
            },
            {
              "origin": [
                6,
                14,
                -6
              ],
              "size": [
                2,
                2,
                12
              ],
              "uv": {
                "north": {
                  "uv": [
                    44,
                    40
                  ],
                  "uv_size": [
                    2,
                    2
                  ]
                },
                "east": {
                  "uv": [
                    30,
                    36
                  ],
                  "uv_size": [
                    12,
                    2
                  ]
                },
                "south": {
                  "uv": [
                    44,
                    42
                  ],
                  "uv_size": [
                    2,
                    2
                  ]
                },
                "west": {
                  "uv": [
                    14,
                    38
                  ],
                  "uv_size": [
                    12,
                    2
                  ]
                },
                "up": {
                  "uv": [
                    26,
                    38
                  ],
                  "uv_size": [
                    2,
                    12
                  ]
                },
                "down": {
                  "uv": [
                    28,
                    50
                  ],
                  "uv_size": [
                    2,
                    -12
                  ]
                }
              }
            },
            {
              "origin": [
                -8,
                0,
                -8
              ],
              "size": [
                16,
                2,
                2
              ],
              "uv": {
                "north": {
                  "uv": [
                    28,
                    20
                  ],
                  "uv_size": [
                    16,
                    2
                  ]
                },
                "east": {
                  "uv": [
                    46,
                    8
                  ],
                  "uv_size": [
                    2,
                    2
                  ]
                },
                "south": {
                  "uv": [
                    28,
                    22
                  ],
                  "uv_size": [
                    16,
                    2
                  ]
                },
                "west": {
                  "uv": [
                    46,
                    10
                  ],
                  "uv_size": [
                    2,
                    2
                  ]
                },
                "up": {
                  "uv": [
                    28,
                    24
                  ],
                  "uv_size": [
                    16,
                    2
                  ]
                },
                "down": {
                  "uv": [
                    28,
                    28
                  ],
                  "uv_size": [
                    16,
                    -2
                  ]
                }
              }
            },
            {
              "origin": [
                6,
                0,
                -6
              ],
              "size": [
                2,
                2,
                12
              ],
              "uv": {
                "north": {
                  "uv": [
                    46,
                    4
                  ],
                  "uv_size": [
                    2,
                    2
                  ]
                },
                "east": {
                  "uv": [
                    38,
                    38
                  ],
                  "uv_size": [
                    12,
                    2
                  ]
                },
                "south": {
                  "uv": [
                    46,
                    6
                  ],
                  "uv_size": [
                    2,
                    2
                  ]
                },
                "west": {
                  "uv": [
                    14,
                    40
                  ],
                  "uv_size": [
                    12,
                    2
                  ]
                },
                "up": {
                  "uv": [
                    38,
                    40
                  ],
                  "uv_size": [
                    2,
                    12
                  ]
                },
                "down": {
                  "uv": [
                    40,
                    52
                  ],
                  "uv_size": [
                    2,
                    -12
                  ]
                }
              }
            },
            {
              "origin": [
                -8,
                14,
                6
              ],
              "size": [
                16,
                2,
                2
              ],
              "uv": {
                "north": {
                  "uv": [
                    14,
                    30
                  ],
                  "uv_size": [
                    16,
                    2
                  ]
                },
                "east": {
                  "uv": [
                    46,
                    12
                  ],
                  "uv_size": [
                    2,
                    2
                  ]
                },
                "south": {
                  "uv": [
                    30,
                    28
                  ],
                  "uv_size": [
                    16,
                    2
                  ]
                },
                "west": {
                  "uv": [
                    46,
                    14
                  ],
                  "uv_size": [
                    2,
                    2
                  ]
                },
                "up": {
                  "uv": [
                    30,
                    30
                  ],
                  "uv_size": [
                    16,
                    2
                  ]
                },
                "down": {
                  "uv": [
                    14,
                    34
                  ],
                  "uv_size": [
                    16,
                    -2
                  ]
                }
              }
            },
            {
              "origin": [
                -8,
                14,
                -6
              ],
              "size": [
                2,
                2,
                12
              ],
              "uv": {
                "north": {
                  "uv": [
                    46,
                    16
                  ],
                  "uv_size": [
                    2,
                    2
                  ]
                },
                "east": {
                  "uv": [
                    0,
                    42
                  ],
                  "uv_size": [
                    12,
                    2
                  ]
                },
                "south": {
                  "uv": [
                    46,
                    18
                  ],
                  "uv_size": [
                    2,
                    2
                  ]
                },
                "west": {
                  "uv": [
                    42,
                    0
                  ],
                  "uv_size": [
                    12,
                    2
                  ]
                },
                "up": {
                  "uv": [
                    42,
                    2
                  ],
                  "uv_size": [
                    2,
                    12
                  ]
                },
                "down": {
                  "uv": [
                    12,
                    54
                  ],
                  "uv_size": [
                    2,
                    -12
                  ]
                }
              }
            },
            {
              "origin": [
                -8,
                0,
                6
              ],
              "size": [
                16,
                2,
                2
              ],
              "uv": {
                "north": {
                  "uv": [
                    30,
                    32
                  ],
                  "uv_size": [
                    16,
                    2
                  ]
                },
                "east": {
                  "uv": [
                    46,
                    20
                  ],
                  "uv_size": [
                    2,
                    2
                  ]
                },
                "south": {
                  "uv": [
                    14,
                    34
                  ],
                  "uv_size": [
                    16,
                    2
                  ]
                },
                "west": {
                  "uv": [
                    46,
                    22
                  ],
                  "uv_size": [
                    2,
                    2
                  ]
                },
                "up": {
                  "uv": [
                    30,
                    34
                  ],
                  "uv_size": [
                    16,
                    2
                  ]
                },
                "down": {
                  "uv": [
                    14,
                    38
                  ],
                  "uv_size": [
                    16,
                    -2
                  ]
                }
              }
            },
            {
              "origin": [
                -8,
                0,
                -6
              ],
              "size": [
                2,
                2,
                12
              ],
              "uv": {
                "north": {
                  "uv": [
                    24,
                    46
                  ],
                  "uv_size": [
                    2,
                    2
                  ]
                },
                "east": {
                  "uv": [
                    14,
                    42
                  ],
                  "uv_size": [
                    12,
                    2
                  ]
                },
                "south": {
                  "uv": [
                    46,
                    24
                  ],
                  "uv_size": [
                    2,
                    2
                  ]
                },
                "west": {
                  "uv": [
                    42,
                    36
                  ],
                  "uv_size": [
                    12,
                    2
                  ]
                },
                "up": {
                  "uv": [
                    42,
                    40
                  ],
                  "uv_size": [
                    2,
                    12
                  ]
                },
                "down": {
                  "uv": [
                    0,
                    56
                  ],
                  "uv_size": [
                    2,
                    -12
                  ]
                }
              }
            }
          ]
        },
        {
          "name": "core",
          "parent": "master",
          "pivot": [
            0,
            8,
            0
          ],
          "cubes": [
            {
              "origin": [
                -7,
                1,
                -7
              ],
              "size": [
                14,
                14,
                14
              ],
              "uv": {
                "north": {
                  "uv": [
                    0,
                    0
                  ],
                  "uv_size": [
                    14,
                    14
                  ]
                },
                "east": {
                  "uv": [
                    0,
                    14
                  ],
                  "uv_size": [
                    14,
                    14
                  ]
                },
                "south": {
                  "uv": [
                    14,
                    0
                  ],
                  "uv_size": [
                    14,
                    14
                  ]
                },
                "west": {
                  "uv": [
                    14,
                    14
                  ],
                  "uv_size": [
                    14,
                    14
                  ]
                },
                "up": {
                  "uv": [
                    0,
                    28
                  ],
                  "uv_size": [
                    14,
                    14
                  ]
                },
                "down": {
                  "uv": [
                    28,
                    14
                  ],
                  "uv_size": [
                    14,
                    -14
                  ]
                }
              }
            }
          ]
        }
      ]
    }
  ]
}