{
  "format_version": "1.12.0",
  "minecraft:geometry": [
    {
      "description": {
        "identifier": "geometry.unknown",
        "texture_width": 32,
        "texture_height": 32,
        "visible_bounds_width": 2,
        "visible_bounds_height": 2.5,
        "visible_bounds_offset": [
          0,
          0.75,
          0
        ]
      },
      "bones": [
        {
          "name": "bb_main",
          "pivot": [
            0,
            0,
            0
          ],
          "cubes": [
            {
              "origin": [
                -1,
                1,
                -1
              ],
              "size": [
                2,
                6,
                2
              ],
              "uv": {
                "north": {
                  "uv": [
                    16,
                    6
                  ],
                  "uv_size": [
                    2,
                    6
                  ]
                },
                "east": {
                  "uv": [
                    8,
                    16
                  ],
                  "uv_size": [
                    2,
                    6
                  ]
                },
                "south": {
                  "uv": [
                    10,
                    16
                  ],
                  "uv_size": [
                    2,
                    6
                  ]
                },
                "west": {
                  "uv": [
                    16,
                    12
                  ],
                  "uv_size": [
                    2,
                    6
                  ]
                },
                "up": {
                  "uv": [
                    4,
                    21
                  ],
                  "uv_size": [
                    2,
                    2
                  ]
                },
                "down": {
                  "uv": [
                    21,
                    8
                  ],
                  "uv_size": [
                    2,
                    -2
                  ]
                }
              }
            },
            {
              "origin": [
                -1.5,
                0,
                -1.5
              ],
              "size": [
                3,
                1,
                3
              ],
              "uv": {
                "north": {
                  "uv": [
                    22,
                    2
                  ],
                  "uv_size": [
                    3,
                    1
                  ]
                },
                "east": {
                  "uv": [
                    22,
                    3
                  ],
                  "uv_size": [
                    3,
                    1
                  ]
                },
                "south": {
                  "uv": [
                    22,
                    4
                  ],
                  "uv_size": [
                    3,
                    1
                  ]
                },
                "west": {
                  "uv": [
                    22,
                    5
                  ],
                  "uv_size": [
                    3,
                    1
                  ]
                },
                "up": {
                  "uv": [
                    4,
                    18
                  ],
                  "uv_size": [
                    3,
                    3
                  ]
                },
                "down": {
                  "uv": [
                    18,
                    9
                  ],
                  "uv_size": [
                    3,
                    -3
                  ]
                }
              }
            },
            {
              "origin": [
                3,
                8,
                -1
              ],
              "size": [
                1,
                9,
                2
              ],
              "uv": {
                "north": {
                  "uv": [
                    2,
                    18
                  ],
                  "uv_size": [
                    1,
                    9
                  ]
                },
                "east": {
                  "uv": [
                    14,
                    0
                  ],
                  "uv_size": [
                    2,
                    9
                  ]
                },
                "south": {
                  "uv": [
                    3,
                    18
                  ],
                  "uv_size": [
                    1,
                    9
                  ]
                },
                "west": {
                  "uv": [
                    14,
                    9
                  ],
                  "uv_size": [
                    2,
                    9
                  ]
                },
                "up": {
                  "uv": [
                    6,
                    23
                  ],
                  "uv_size": [
                    1,
                    2
                  ]
                },
                "down": {
                  "uv": [
                    8,
                    25
                  ],
                  "uv_size": [
                    1,
                    -2
                  ]
                }
              }
            },
            {
              "origin": [
                -3,
                9,
                1
              ],
              "size": [
                6,
                8,
                0
              ],
              "uv": {
                "north": {
                  "uv": [
                    0,
                    8
                  ],
                  "uv_size": [
                    6,
                    8
                  ]
                },
                "east": {
                  "uv": [
                    0,
                    0
                  ],
                  "uv_size": [
                    0,
                    8
                  ]
                },
                "south": {
                  "uv": [
                    6,
                    8
                  ],
                  "uv_size": [
                    6,
                    8
                  ]
                },
                "west": {
                  "uv": [
                    0,
                    0
                  ],
                  "uv_size": [
                    0,
                    8
                  ]
                },
                "up": {
                  "uv": [
                    0,
                    0
                  ],
                  "uv_size": [
                    6,
                    0
                  ]
                },
                "down": {
                  "uv": [
                    0,
                    0
                  ],
                  "uv_size": [
                    6,
                    0
                  ]
                }
              }
            },
            {
              "origin": [
                -4,
                8,
                -1
              ],
              "size": [
                1,
                9,
                2
              ],
              "uv": {
                "north": {
                  "uv": [
                    0,
                    18
                  ],
                  "uv_size": [
                    1,
                    9
                  ]
                },
                "east": {
                  "uv": [
                    12,
                    0
                  ],
                  "uv_size": [
                    2,
                    9
                  ]
                },
                "south": {
                  "uv": [
                    1,
                    18
                  ],
                  "uv_size": [
                    1,
                    9
                  ]
                },
                "west": {
                  "uv": [
                    12,
                    9
                  ],
                  "uv_size": [
                    2,
                    9
                  ]
                },
                "up": {
                  "uv": [
                    6,
                    21
                  ],
                  "uv_size": [
                    1,
                    2
                  ]
                },
                "down": {
                  "uv": [
                    11,
                    24
                  ],
                  "uv_size": [
                    1,
                    -2
                  ]
                }
              }
            },
            {
              "origin": [
                -3,
                8,
                -1
              ],
              "size": [
                6,
                1,
                2
              ],
              "uv": {
                "north": {
                  "uv": [
                    12,
                    19
                  ],
                  "uv_size": [
                    6,
                    1
                  ]
                },
                "east": {
                  "uv": [
                    23,
                    6
                  ],
                  "uv_size": [
                    2,
                    1
                  ]
                },
                "south": {
                  "uv": [
                    18,
                    19
                  ],
                  "uv_size": [
                    6,
                    1
                  ]
                },
                "west": {
                  "uv": [
                    23,
                    7
                  ],
                  "uv_size": [
                    2,
                    1
                  ]
                },
                "up": {
                  "uv": [
                    16,
                    2
                  ],
                  "uv_size": [
                    6,
                    2
                  ]
                },
                "down": {
                  "uv": [
                    16,
                    6
                  ],
                  "uv_size": [
                    6,
                    -2
                  ]
                }
              }
            },
            {
              "origin": [
                -4,
                17,
                -1
              ],
              "size": [
                8,
                1,
                2
              ],
              "uv": {
                "north": {
                  "uv": [
                    12,
                    18
                  ],
                  "uv_size": [
                    8,
                    1
                  ]
                },
                "east": {
                  "uv": [
                    21,
                    22
                  ],
                  "uv_size": [
                    2,
                    1
                  ]
                },
                "south": {
                  "uv": [
                    18,
                    13
                  ],
                  "uv_size": [
                    8,
                    1
                  ]
                },
                "west": {
                  "uv": [
                    4,
                    23
                  ],
                  "uv_size": [
                    2,
                    1
                  ]
                },
                "up": {
                  "uv": [
                    0,
                    16
                  ],
                  "uv_size": [
                    8,
                    2
                  ]
                },
                "down": {
                  "uv": [
                    16,
                    2
                  ],
                  "uv_size": [
                    8,
                    -2
                  ]
                }
              }
            },
            {
              "origin": [
                -3,
                9,
                0
              ],
              "size": [
                6,
                8,
                0
              ],
              "uv": {
                "north": {
                  "uv": [
                    0,
                    0
                  ],
                  "uv_size": [
                    6,
                    8
                  ]
                },
                "east": {
                  "uv": [
                    0,
                    0
                  ],
                  "uv_size": [
                    0,
                    8
                  ]
                },
                "south": {
                  "uv": [
                    6,
                    0
                  ],
                  "uv_size": [
                    6,
                    8
                  ]
                },
                "west": {
                  "uv": [
                    0,
                    0
                  ],
                  "uv_size": [
                    0,
                    8
                  ]
                },
                "up": {
                  "uv": [
                    0,
                    0
                  ],
                  "uv_size": [
                    6,
                    0
                  ]
                },
                "down": {
                  "uv": [
                    0,
                    0
                  ],
                  "uv_size": [
                    6,
                    0
                  ]
                }
              }
            },
            {
              "origin": [
                -2,
                7,
                -1
              ],
              "size": [
                4,
                1,
                2
              ],
              "uv": {
                "north": {
                  "uv": [
                    20,
                    18
                  ],
                  "uv_size": [
                    4,
                    1
                  ]
                },
                "east": {
                  "uv": [
                    22,
                    17
                  ],
                  "uv_size": [
                    2,
                    1
                  ]
                },
                "south": {
                  "uv": [
                    19,
                    20
                  ],
                  "uv_size": [
                    4,
                    1
                  ]
                },
                "west": {
                  "uv": [
                    19,
                    22
                  ],
                  "uv_size": [
                    2,
                    1
                  ]
                },
                "up": {
                  "uv": [
                    18,
                    9
                  ],
                  "uv_size": [
                    4,
                    2
                  ]
                },
                "down": {
                  "uv": [
                    18,
                    13
                  ],
                  "uv_size": [
                    4,
                    -2
                  ]
                }
              }
            },
            {
              "origin": [
                -2,
                18,
                -1
              ],
              "size": [
                4,
                1,
                2
              ],
              "uv": {
                "north": {
                  "uv": [
                    21,
                    8
                  ],
                  "uv_size": [
                    4,
                    1
                  ]
                },
                "east": {
                  "uv": [
                    24,
                    0
                  ],
                  "uv_size": [
                    2,
                    1
                  ]
                },
                "south": {
                  "uv": [
                    19,
                    21
                  ],
                  "uv_size": [
                    4,
                    1
                  ]
                },
                "west": {
                  "uv": [
                    24,
                    1
                  ],
                  "uv_size": [
                    2,
                    1
                  ]
                },
                "up": {
                  "uv": [
                    18,
                    14
                  ],
                  "uv_size": [
                    4,
                    2
                  ]
                },
                "down": {
                  "uv": [
                    18,
                    18
                  ],
                  "uv_size": [
                    4,
                    -2
                  ]
                }
              }
            }
          ]
        },
        {
          "name": "bone2",
          "pivot": [
            -21,
            -2,
            -1
          ],
          "cubes": [
            {
              "origin": [
                -5,
                10,
                -0.5
              ],
              "size": [
                1,
                6,
                1
              ],
              "uv": {
                "north": {
                  "uv": [
                    7,
                    18
                  ],
                  "uv_size": [
                    1,
                    6
                  ]
                },
                "east": {
                  "uv": [
                    12,
                    20
                  ],
                  "uv_size": [
                    1,
                    6
                  ]
                },
                "south": {
                  "uv": [
                    13,
                    20
                  ],
                  "uv_size": [
                    1,
                    6
                  ]
                },
                "west": {
                  "uv": [
                    14,
                    20
                  ],
                  "uv_size": [
                    1,
                    6
                  ]
                },
                "up": {
                  "uv": [
                    4,
                    24
                  ],
                  "uv_size": [
                    1,
                    1
                  ]
                },
                "down": {
                  "uv": [
                    5,
                    25
                  ],
                  "uv_size": [
                    1,
                    -1
                  ]
                }
              }
            },
            {
              "origin": [
                -6,
                10,
                -0.5
              ],
              "size": [
                1,
                1,
                1
              ],
              "uv": {
                "north": {
                  "uv": [
                    24,
                    19
                  ],
                  "uv_size": [
                    1,
                    1
                  ]
                },
                "east": {
                  "uv": [
                    24,
                    20
                  ],
                  "uv_size": [
                    1,
                    1
                  ]
                },
                "south": {
                  "uv": [
                    24,
                    21
                  ],
                  "uv_size": [
                    1,
                    1
                  ]
                },
                "west": {
                  "uv": [
                    24,
                    22
                  ],
                  "uv_size": [
                    1,
                    1
                  ]
                },
                "up": {
                  "uv": [
                    23,
                    24
                  ],
                  "uv_size": [
                    1,
                    1
                  ]
                },
                "down": {
                  "uv": [
                    24,
                    24
                  ],
                  "uv_size": [
                    1,
                    -1
                  ]
                }
              }
            },
            {
              "origin": [
                -8,
                15,
                -0.5
              ],
              "size": [
                3,
                1,
                1
              ],
              "uv": {
                "north": {
                  "uv": [
                    8,
                    22
                  ],
                  "uv_size": [
                    3,
                    1
                  ]
                },
                "east": {
                  "uv": [
                    7,
                    24
                  ],
                  "uv_size": [
                    1,
                    1
                  ]
                },
                "south": {
                  "uv": [
                    22,
                    9
                  ],
                  "uv_size": [
                    3,
                    1
                  ]
                },
                "west": {
                  "uv": [
                    11,
                    24
                  ],
                  "uv_size": [
                    1,
                    1
                  ]
                },
                "up": {
                  "uv": [
                    22,
                    10
                  ],
                  "uv_size": [
                    3,
                    1
                  ]
                },
                "down": {
                  "uv": [
                    22,
                    12
                  ],
                  "uv_size": [
                    3,
                    -1
                  ]
                }
              }
            },
            {
              "origin": [
                -8,
                13,
                -0.5
              ],
              "size": [
                1,
                2,
                1
              ],
              "uv": {
                "north": {
                  "uv": [
                    9,
                    23
                  ],
                  "uv_size": [
                    1,
                    2
                  ]
                },
                "east": {
                  "uv": [
                    10,
                    23
                  ],
                  "uv_size": [
                    1,
                    2
                  ]
                },
                "south": {
                  "uv": [
                    19,
                    23
                  ],
                  "uv_size": [
                    1,
                    2
                  ]
                },
                "west": {
                  "uv": [
                    20,
                    23
                  ],
                  "uv_size": [
                    1,
                    2
                  ]
                },
                "up": {
                  "uv": [
                    24,
                    17
                  ],
                  "uv_size": [
                    1,
                    1
                  ]
                },
                "down": {
                  "uv": [
                    24,
                    19
                  ],
                  "uv_size": [
                    1,
                    -1
                  ]
                }
              }
            },
            {
              "origin": [
                -7,
                13,
                -0.5
              ],
              "size": [
                1,
                1,
                1
              ],
              "uv": {
                "north": {
                  "uv": [
                    25,
                    11
                  ],
                  "uv_size": [
                    1,
                    1
                  ]
                },
                "east": {
                  "uv": [
                    25,
                    12
                  ],
                  "uv_size": [
                    1,
                    1
                  ]
                },
                "south": {
                  "uv": [
                    25,
                    14
                  ],
                  "uv_size": [
                    1,
                    1
                  ]
                },
                "west": {
                  "uv": [
                    25,
                    15
                  ],
                  "uv_size": [
                    1,
                    1
                  ]
                },
                "up": {
                  "uv": [
                    25,
                    16
                  ],
                  "uv_size": [
                    1,
                    1
                  ]
                },
                "down": {
                  "uv": [
                    25,
                    18
                  ],
                  "uv_size": [
                    1,
                    -1
                  ]
                }
              }
            }
          ]
        },
        {
          "name": "bone3",
          "pivot": [
            21,
            -2,
            -1
          ],
          "cubes": [
            {
              "origin": [
                4,
                10,
                -0.5
              ],
              "size": [
                1,
                6,
                1
              ],
              "uv": {
                "north": {
                  "uv": [
                    15,
                    20
                  ],
                  "uv_size": [
                    1,
                    6
                  ]
                },
                "east": {
                  "uv": [
                    16,
                    20
                  ],
                  "uv_size": [
                    1,
                    6
                  ]
                },
                "south": {
                  "uv": [
                    17,
                    20
                  ],
                  "uv_size": [
                    1,
                    6
                  ]
                },
                "west": {
                  "uv": [
                    18,
                    20
                  ],
                  "uv_size": [
                    1,
                    6
                  ]
                },
                "up": {
                  "uv": [
                    25,
                    10
                  ],
                  "uv_size": [
                    1,
                    1
                  ]
                },
                "down": {
                  "uv": [
                    11,
                    26
                  ],
                  "uv_size": [
                    1,
                    -1
                  ]
                }
              }
            },
            {
              "origin": [
                5,
                10,
                -0.5
              ],
              "size": [
                1,
                1,
                1
              ],
              "uv": {
                "north": {
                  "uv": [
                    25,
                    7
                  ],
                  "uv_size": [
                    1,
                    1
                  ]
                },
                "east": {
                  "uv": [
                    8,
                    25
                  ],
                  "uv_size": [
                    1,
                    1
                  ]
                },
                "south": {
                  "uv": [
                    25,
                    8
                  ],
                  "uv_size": [
                    1,
                    1
                  ]
                },
                "west": {
                  "uv": [
                    9,
                    25
                  ],
                  "uv_size": [
                    1,
                    1
                  ]
                },
                "up": {
                  "uv": [
                    25,
                    9
                  ],
                  "uv_size": [
                    1,
                    1
                  ]
                },
                "down": {
                  "uv": [
                    10,
                    26
                  ],
                  "uv_size": [
                    1,
                    -1
                  ]
                }
              }
            },
            {
              "origin": [
                5,
                15,
                -0.5
              ],
              "size": [
                3,
                1,
                1
              ],
              "uv": {
                "north": {
                  "uv": [
                    22,
                    12
                  ],
                  "uv_size": [
                    3,
                    1
                  ]
                },
                "east": {
                  "uv": [
                    24,
                    24
                  ],
                  "uv_size": [
                    1,
                    1
                  ]
                },
                "south": {
                  "uv": [
                    22,
                    14
                  ],
                  "uv_size": [
                    3,
                    1
                  ]
                },
                "west": {
                  "uv": [
                    25,
                    2
                  ],
                  "uv_size": [
                    1,
                    1
                  ]
                },
                "up": {
                  "uv": [
                    22,
                    15
                  ],
                  "uv_size": [
                    3,
                    1
                  ]
                },
                "down": {
                  "uv": [
                    22,
                    17
                  ],
                  "uv_size": [
                    3,
                    -1
                  ]
                }
              }
            },
            {
              "origin": [
                7,
                13,
                -0.5
              ],
              "size": [
                1,
                2,
                1
              ],
              "uv": {
                "north": {
                  "uv": [
                    23,
                    20
                  ],
                  "uv_size": [
                    1,
                    2
                  ]
                },
                "east": {
                  "uv": [
                    21,
                    23
                  ],
                  "uv_size": [
                    1,
                    2
                  ]
                },
                "south": {
                  "uv": [
                    22,
                    23
                  ],
                  "uv_size": [
                    1,
                    2
                  ]
                },
                "west": {
                  "uv": [
                    23,
                    22
                  ],
                  "uv_size": [
                    1,
                    2
                  ]
                },
                "up": {
                  "uv": [
                    25,
                    3
                  ],
                  "uv_size": [
                    1,
                    1
                  ]
                },
                "down": {
                  "uv": [
                    4,
                    26
                  ],
                  "uv_size": [
                    1,
                    -1
                  ]
                }
              }
            },
            {
              "origin": [
                6,
                13,
                -0.5
              ],
              "size": [
                1,
                1,
                1
              ],
              "uv": {
                "north": {
                  "uv": [
                    25,
                    4
                  ],
                  "uv_size": [
                    1,
                    1
                  ]
                },
                "east": {
                  "uv": [
                    5,
                    25
                  ],
                  "uv_size": [
                    1,
                    1
                  ]
                },
                "south": {
                  "uv": [
                    25,
                    5
                  ],
                  "uv_size": [
                    1,
                    1
                  ]
                },
                "west": {
                  "uv": [
                    6,
                    25
                  ],
                  "uv_size": [
                    1,
                    1
                  ]
                },
                "up": {
                  "uv": [
                    25,
                    6
                  ],
                  "uv_size": [
                    1,
                    1
                  ]
                },
                "down": {
                  "uv": [
                    7,
                    26
                  ],
                  "uv_size": [
                    1,
                    -1
                  ]
                }
              }
            }
          ]
        }
      ]
    }
  ]
}