{
  "category": "ars_nouveau:automation",
  "icon": "ars_elemental:advanced_prism",
  "name": "block.ars_elemental.advanced_prism",
  "pages": [
    {
      "type": "patchouli:text",
      "text": "ars_elemental.page1.advanced_prism"
    },
    {
      "type": "patchouli:crafting",
      "recipe": "ars_elemental:advanced_prism"
    },
    {
      "type": "patchouli:text",
      "text": "ars_elemental.page2.advanced_prism"
    },
    {
      "type": "ars_nouveau:imbuement_recipe",
      "recipe": "ars_elemental:imbuement_arc_prism_lens"
    },
    {
      "type": "ars_nouveau:imbuement_recipe",
      "recipe": "ars_elemental:imbuement_homing_prism_lens"
    },
    {
      "type": "ars_nouveau:imbuement_recipe",
      "recipe": "ars_elemental:imbuement_acceleration_prism_lens"
    },
    {
      "type": "ars_nouveau:imbuement_recipe",
      "recipe": "ars_elemental:imbuement_deceleration_prism_lens"
    },
    {
      "type": "ars_nouveau:imbuement_recipe",
      "recipe": "ars_elemental:imbuement_piercing_prism_lens"
    },
    {
      "type": "ars_nouveau:imbuement_recipe",
      "recipe": "ars_elemental:imbuement_rainbow_prism_lens"
    }
  ]
}