{
  "type": "irons_spellbooks:append_loot",
  "conditions": [
    {
      "condition": "minecraft:any_of",
      "terms": [
        {
          "condition": "neoforge:loot_table_id",
          "loot_table_id": "betterdungeons:zombie_dungeon/chests/common"
        },
        {
          "condition": "neoforge:loot_table_id",
          "loot_table_id": "betterdungeons:skeleton_dungeon/chests/common"
        },
        {
          "condition": "neoforge:loot_table_id",
          "loot_table_id": "betterdungeons:spider_dungeon/chests/egg_room"
        },
        {
          "condition": "neoforge:loot_table_id",
          "loot_table_id": "betterstrongholds:chests/common"
        },
        {
          "condition": "neoforge:loot_table_id",
          "loot_table_id": "betterstrongholds:chests/grand_library"
        },
        {
          "condition": "neoforge:loot_table_id",
          "loot_table_id": "structory:harvest/graveyard"
        },
        {
          "condition": "neoforge:loot_table_id",
          "loot_table_id": "structory:harvest/graveyard2"
        },
        {
          "condition": "neoforge:loot_table_id",
          "loot_table_id": "structory:harvest/old_manor/common"
        },
        {
          "condition": "neoforge:loot_table_id",
          "loot_table_id": "structory:ruin/swamp/loot"
        },
        {
          "condition": "neoforge:loot_table_id",
          "loot_table_id": "structory:ruin/taiga/illager_low"
        },
        {
          "condition": "neoforge:loot_table_id",
          "loot_table_id": "structory:ruin/taiga/illager_high"
        },
        {
          "condition": "neoforge:loot_table_id",
          "loot_table_id": "structory:harvest/manor2/loot"
        },
        {
          "condition": "neoforge:loot_table_id",
          "loot_table_id": "idas:chests/wizardtower/wizardtower_library"
        },
        {
          "condition": "neoforge:loot_table_id",
          "loot_table_id": "idas:chests/apothecary_abode/apothecary_abode"
        },
        {
          "condition": "neoforge:loot_table_id",
          "loot_table_id": "nova_structures:chests/badland_miner_outpost_towers"
        }
      ]
    }
  ],
  "key": "irons_spellbooks:chests/additional_generic_loot"
}