{
  "type": "irons_spellbooks:append_loot",
  "conditions": [
    {
      "condition": "minecraft:any_of",
      "terms": [
        {
          "condition": "neoforge:loot_table_id",
          "loot_table_id": "minecraft:chests/buried_treasure"
        },
        {
          "condition": "neoforge:loot_table_id",
          "loot_table_id": "minecraft:chests/desert_pyramid"
        },
        {
          "condition": "neoforge:loot_table_id",
          "loot_table_id": "minecraft:chests/jungle_temple"
        },
        {
          "condition": "neoforge:loot_table_id",
          "loot_table_id": "minecraft:chests/pillager_outpost"
        },
        {
          "condition": "neoforge:loot_table_id",
          "loot_table_id": "minecraft:chests/shipwreck_map"
        },
        {
          "condition": "neoforge:loot_table_id",
          "loot_table_id": "minecraft:chests/simple_dungeon"
        },
        {
          "condition": "neoforge:loot_table_id",
          "loot_table_id": "minecraft:chests/stronghold_crossing"
        },
        {
          "condition": "neoforge:loot_table_id",
          "loot_table_id": "minecraft:chests/stronghold_corridor"
        },
        {
          "condition": "neoforge:loot_table_id",
          "loot_table_id": "minecraft:chests/underwater_ruin_big"
        },
        {
          "condition": "neoforge:loot_table_id",
          "loot_table_id": "minecraft:chests/underwater_ruin_small"
        },
        {
          "condition": "neoforge:loot_table_id",
          "loot_table_id": "minecraft:chests/woodland_mansion"
        },
        {
          "condition": "neoforge:loot_table_id",
          "loot_table_id": "minecraft:chests/village/village_cartographer"
        },
        {
          "condition": "neoforge:loot_table_id",
          "loot_table_id": "minecraft:chests/village/village_temple"
        },
        {
          "condition": "neoforge:loot_table_id",
          "loot_table_id": "minecraft:chests/ruined_portal"
        },
        {
          "condition": "neoforge:loot_table_id",
          "loot_table_id": "minecraft:chests/abandoned_mineshaft"
        }
      ]
    }
  ],
  "key": "irons_spellbooks:chests/additional_generic_loot"
}