{
	"format_version": "1.8.0",
	"animations": {
		"portal_shoot": {
			"animation_length": 0.48,
			"bones": {
				"claw1": {
					"rotation": {
						"0.0": {
							"vector": [0, 0, 0]
						},
						"0.08": {
							"vector": [22.5, 0, 0],
							"easing": "easeOutCirc"
						},
						"0.2": {
							"vector": [0, 0, 0],
							"easing": "easeInElastic"
						}
					}
				},
				"claw2": {
					"rotation": {
						"0.0": {
							"vector": [0, 0, 0]
						},
						"0.08": {
							"vector": [22.5, 0, 0],
							"easing": "easeOutCirc"
						},
						"0.2": {
							"vector": [0, 0, 0],
							"easing": "easeInElastic"
						}
					}
				},
				"claw3": {
					"rotation": {
						"0.0": {
							"vector": [0, 0, 0]
						},
						"0.08": {
							"vector": [22.5, 0, 0],
							"easing": "easeOutCirc"
						},
						"0.2": {
							"vector": [0, 0, 0],
							"easing": "easeInElastic"
						}
					}
				},
				"everything": {
					"rotation": {
						"0.0": {
							"vector": [0, 0, 0]
						},
						"0.2": {
							"vector": [11.5, 0, 0],
							"easing": "easeInElastic"
						},
						"0.36": {
							"vector": [0, 0, 0],
							"easing": "easeOutCubic"
						}
					}
				}
			}
		}
	}
}