{
  "bonuses": {
    "element_consumption": 2.0
  },
  "max_amount": 1,
  "predicate": {
    "type": "dpanvil:cache",
    "value": {
      "type": "dpanvil:and",
      "values": [
        {
          "type": "dpanvil:not",
          "value": {
            "type": "elementalcraft:has_shrine_upgrade",
            "shrine_upgrade": "elementalcraft:shrine_upgrade_fortune"
          }
        },
        {
          "type": "dpanvil:or",
          "values": [
            {
              "type": "dpanvil:and",
              "values": [
                {
                  "type": "elementalcraft:has_shrine_upgrade",
                  "shrine_upgrade": "elementalcraft:shrine_upgrade_crystal_harvest"
                },
                {
                  "type": "dpanvil:block",
                  "block": "elementalcraft:buddingshrine"
                }
              ]
            },
            {
              "type": "dpanvil:tag",
              "tag": "elementalcraft:shrines/upgradables/silk_touch"
            }
          ]
        }
      ]
    }
  }
}