{
  "bonuses": {
    "element_consumption": 1.5,
    "speed": 0.25
  },
  "max_amount": 1,
  "predicate": {
    "type": "dpanvil:cache",
    "value": {
      "type": "dpanvil:or",
      "values": [
        {
          "type": "dpanvil:and",
          "values": [
            {
              "type": "elementalcraft:has_shrine_upgrade",
              "shrine_upgrade": "elementalcraft:shrine_upgrade_pickup"
            },
            {
              "type": "dpanvil:block",
              "block": "elementalcraft:vacuumshrine"
            }
          ]
        },
        {
          "type": "dpanvil:tag",
          "tag": "elementalcraft:shrines/upgradables/acceleration"
        }
      ]
    }
  }
}