{
  "type": "minecraft:chest",
  "pools": [
    {
      "rolls": 1,
      "entries": [
        {
          "type": "minecraft:empty",
          "weight": 25
        },
        {
          "type": "minecraft:item",
          "name": "irons_spellbooks:autoloader_crossbow",
          "weight": 8
        },
        {
          "type": "minecraft:item",
          "name": "irons_spellbooks:weapon_parts",
          "weight": 2
        },
        {
          "type": "minecraft:item",
          "name": "irons_spellbooks:upgrade_orb",
          "weight": 7
        },
        {
          "type": "minecraft:item",
          "weight": 12,
          "name": "irons_spellbooks:scroll",
          "functions": [
            {
              "function": "irons_spellbooks:randomize_spell",
              "quality": {
                "min": 0.8,
                "max": 1.0
              }
            }
          ]
        }
      ]
    },
    {
      "rolls": 1,
      "entries": [
        {
          "type": "minecraft:empty",
          "weight": 8
        },
        {
          "type": "minecraft:item",
          "weight": 8,
          "name": "irons_spellbooks:scroll",
          "functions": [
            {
              "function": "irons_spellbooks:randomize_spell",
              "quality": {
                "min": 0.5,
                "max": 1.0
              }
            }
          ]
        },
        {
          "weight": 5,
          "type": "minecraft:loot_table",
          "value": "irons_spellbooks:magic_items/great_ink",
          "functions": [
            {
              "function": "minecraft:set_count",
              "count": {
                "min": 1,
                "max": 2
              }
            }
          ]
        },
        {
          "weight": 3,
          "type": "minecraft:item",
          "name": "irons_spellbooks:arcane_essence",
          "functions": [
            {
              "function": "minecraft:set_count",
              "count": {
                "min": 10,
                "max": 20
              }
            }
          ]
        }
      ]
    },
    {
      "rolls": 1,
      "entries": [
        {
          "type": "minecraft:item",
          "name": "irons_spellbooks:expulsion_ring"
        },
        {
          "type": "minecraft:item",
          "name": "irons_spellbooks:visibility_ring"
        }
      ],
      "conditions": [
        {
          "condition": "minecraft:random_chance",
          "chance": 0.075
        }
      ]
    }
  ]
}
