{
  "type": "minecraft:chest",
  "pools": [
    {
      "rolls": 1,
      "entries": [
        {
          "type": "minecraft:empty",
          "weight": 25
        },
        {
          "type": "minecraft:item",
          "name": "minecraft:potion",
          "weight": 6,
          "functions": [
            {
              "function": "minecraft:set_potion",
              "id": "irons_spellbooks:instant_mana_two"
            }
          ]
        },
        {
          "type": "minecraft:item",
          "name": "minecraft:potion",
          "weight": 8,
          "functions": [
            {
              "function": "minecraft:set_potion",
              "id": "irons_spellbooks:instant_mana_three"
            }
          ]
        },
        {
          "type": "minecraft:item",
          "name": "minecraft:potion",
          "weight": 4,
          "functions": [
            {
              "function": "minecraft:set_potion",
              "id": "irons_spellbooks:instant_mana_four"
            }
          ]
        },
        {
          "type": "minecraft:loot_table",
          "value": "irons_spellbooks:magic_items/random_elixir",
          "weight": 4
        }
      ]
    }
  ]
}
