{
  "type": "minecraft:chest",
  "pools": [
    {
      "rolls": 2,
      "entries": [
        {
          "weight": 4,
          "type": "minecraft:item",
          "name": "irons_spellbooks:arcane_essence",
          "functions": [
            {
              "function": "minecraft:set_count",
              "count": {
                "min": 1,
                "max": 4
              }
            }
          ]
        },
        {
          "type": "minecraft:item",
          "name": "irons_spellbooks:magic_cloth"
        }
      ],
      "conditions": [
        {
          "condition": "minecraft:random_chance",
          "chance": 0.35
        }
      ]
    },
    {
      "rolls": 2,
      "entries": [
        {
          "type": "minecraft:item",
          "weight": 1,
          "name": "irons_spellbooks:scroll",
          "functions": [
            {
              "function": "irons_spellbooks:randomize_spell",
              "quality": {
                "min": 0.0,
                "max": 0.7
              }
            }
          ]
        },
        {
          "type": "minecraft:empty",
          "weight": 3
        }
      ],
      "conditions": [
        {
          "condition": "minecraft:random_chance",
          "chance": 0.75
        }
      ]
    },
    {
      "rolls": 1,
      "entries": [
        {
          "type": "minecraft:item",
          "name": "irons_spellbooks:blank_rune"
        }
      ],
      "conditions": [
        {
          "condition": "minecraft:random_chance",
          "chance": 0.08
        }
      ]
    },
    {
      "rolls": 1,
      "entries": [
        {
          "type": "minecraft:loot_table",
          "value": "irons_spellbooks:magic_items/basic_curios"
        }
      ],
      "conditions": [
        {
          "condition": "minecraft:random_chance",
          "chance": 0.075
        }
      ]
    },
    {
      "rolls": 2,
      "entries": [
        {
          "type": "minecraft:loot_table",
          "value": "irons_spellbooks:magic_items/random_elixir"
        },
        {
          "type": "minecraft:empty",
          "weight": 1
        }
      ],
      "conditions": [
        {
          "condition": "minecraft:random_chance",
          "chance": 0.20
        }
      ]
    },
    {
      "rolls": 4,
      "entries": [
        {
          "type": "minecraft:loot_table",
          "value": "irons_spellbooks:magic_items/good_ink"
        }
      ],
      "conditions": [
        {
          "condition": "minecraft:random_chance",
          "chance": 0.15
        }
      ]
    }
  ]
}
