{
  "type": "minecraft:block",
  "pools": [
    {
      "bonus_rolls": 0.0,
      "entries": [
        {
          "type": "minecraft:item",
          "functions": [
            {
              "add": false,
              "conditions": [
                {
                  "block": "ars_nouveau:frostaya_pod",
                  "condition": "minecraft:block_state_property",
                  "properties": {
                    "age": "2"
                  }
                }
              ],
              "count": 3.0,
              "function": "minecraft:set_count"
            }
          ],
          "name": "ars_nouveau:frostaya_pod"
        }
      ],
      "rolls": 1.0
    }
  ],
  "random_sequence": "ars_nouveau:blocks/frostaya_pod"
}