{
  "type": "minecraft:block",
  "pools": [
    {
      "bonus_rolls": 0.0,
      "entries": [
        {
          "type": "minecraft:item",
          "functions": [
            {
              "function": "minecraft:copy_name",
              "source": "block_entity"
            },
            {
              "function": "minecraft:copy_components",
              "include": [
                "ars_nouveau:mob_jar"
              ],
              "source": "block_entity"
            }
          ],
          "name": "ars_nouveau:mob_jar"
        }
      ],
      "rolls": 1.0
    }
  ],
  "random_sequence": "ars_nouveau:blocks/mob_jar"
}