{
  "name": "item.elementalcraft.element_holder",
  "category": "elementalcraft:advanced",
  "icon": "elementalcraft:element_holder_air",
  "advancement": "elementalcraft:pickup/drenched_iron_ingot",
  "turnin": "elementalcraft:pickup/drenched_iron_ingot",
  "sortnum": 3,
  "pages": [
    {
      "type": "text",
      "text": "elementalcraft.page.element_holder0"
    },
    {
      "type": "crafting",
      "recipe": "elementalcraft:element_holder_fire",
      "recipe2": "elementalcraft:element_holder_water"
    },
    {
      "type": "crafting",
      "recipe": "elementalcraft:element_holder_air",
      "recipe2": "elementalcraft:element_holder_earth"
    }
  ]
}
