{
  "name": "block.elementalcraft.purerock",
  "category": "elementalcraft:advanced",
  "icon": "elementalcraft:purerock",
  "advancement": "elementalcraft:pickup/purecrystal",
  "turnin": "elementalcraft:pickup/purerock",
  "sortnum": 8,
  "pages": [
    {
      "type": "text",
      "text": "elementalcraft.page.purerock0"
    },    
    {
      "type": "crafting",
      "recipe": "elementalcraft:purerock_stairs"
    },
    {
      "type": "crafting",
      "recipe": "elementalcraft:purerock_slab",
      "recipe2": "elementalcraft:purerock_wall"
    }
  ]
}
