{
  "type": "minecraft:tree",
  "config": {
    "decorators": [],
    "dirt_provider": {
      "type": "minecraft:simple_state_provider",
      "state": {
        "Name": "minecraft:dirt"
      }
    },
    "foliage_placer": {
      "type": "minecraft:blob_foliage_placer",
      "height": 0,
      "offset": {
        "type": "minecraft:uniform",
        "max_inclusive": 0,
        "min_inclusive": 0
      },
      "radius": {
        "type": "minecraft:uniform",
        "max_inclusive": 0,
        "min_inclusive": 0
      }
    },
    "foliage_provider": {
      "type": "ars_nouveau:an_stateprovider",
      "key": "green_archwood_leaves"
    },
    "force_dirt": false,
    "ignore_vines": false,
    "minimum_size": {
      "type": "minecraft:two_layers_feature_size",
      "limit": 2,
      "lower_size": 0,
      "upper_size": 2
    },
    "trunk_placer": {
      "type": "ars_nouveau:magic_trunk_placer",
      "base_height": 9,
      "height_rand_a": 1,
      "height_rand_b": 0,
      "isWorldGen": false,
      "podID": "ars_nouveau:mendosteen_pod"
    },
    "trunk_provider": {
      "type": "ars_nouveau:an_stateprovider",
      "key": "green_archwood_log"
    }
  }
}