{
  "type": "minecraft:crafting_shaped",
  "pattern": [
    "TNT",
    "BRB",
    "TLT"
  ],
  "key": {
    "N": {
      "tag": "c:ingots/netherite"
    },
    "R": {
      "item": "irons_spellbooks:ruined_book"
    },
    "T": {
      "item": "irons_spellbooks:magic_cloth"
    },
    "B": {
      "item": "irons_spellbooks:blood_vial"
    },
    "L": {
      "item": "irons_spellbooks:lightning_bottle"
    }
  },
  "result": {
    "id": "irons_spellbooks:netherite_spell_book",
    "count": 1
  }
}