{
  "weight": 80,
  "quality": 5,
  "mainhands": [
    {
      "weight": 3,
      "stack": {
        "item": "irons_spellbooks:rotten_spell_book"
      }
    },
    {
      "weight": 3,
      "stack": {
        "item": "irons_spellbooks:iron_spell_book"
      }
    },
    {
      "weight": 2,
      "stack": {
        "item": "irons_spellbooks:copper_spell_book"
      }
    }
  ],
  "offhands": [],
  "boots": [
    {
      "weight": 1,
      "stack": {
        "item": "irons_spellbooks:wandering_magician_boots"
      }
    }
  ],
  "leggings": [
    {
      "weight": 1,
      "stack": {
        "item": "irons_spellbooks:wandering_magician_leggings"
      }
    }
  ],
  "chestplates": [
    {
      "weight": 1,
      "stack": {
        "item": "irons_spellbooks:wandering_magician_chestplate"
      }
    }
  ],
  "helmets": [
    {
      "weight": 1,
      "stack": {
        "item": "irons_spellbooks:wandering_magician_helmet"
      }
    }
  ],
  "tags": [
    "irons_spellbooks"
  ]
}