{
  "type": "ars_nouveau:enchanting_apparatus",
  "keepNbtOfReagent": false,
  "pedestalItems": [
    {
      "item": "ars_nouveau:air_essence"
    },
    {
      "item": "ars_nouveau:air_essence"
    },
    {
      "item": "ars_nouveau:air_essence"
    },
    {
      "item": "ars_nouveau:air_essence"
    },
    {
      "item": "ars_nouveau:wilden_wing"
    },
    {
      "item": "minecraft:shulker_shell"
    },
    {
      "item": "minecraft:shulker_shell"
    }
  ],
  "reagent": {
    "item": "minecraft:gold_block"
  },
  "result": {
    "count": 1,
    "id": "ars_elemental:air_upstream"
  },
  "sourceCost": 0
}