{
  "type": "ars_nouveau:crush",
  "input": {
    "item": "minecraft:bone"
  },
  "output": [
    {
      "chance": 1.0,
      "maxRange": 1,
      "stack": {
        "count": 3,
        "id": "minecraft:bone_meal"
      }
    },
    {
      "chance": 0.5,
      "maxRange": 1,
      "stack": {
        "count": 1,
        "id": "minecraft:bone_meal"
      }
    },
    {
      "chance": 0.5,
      "maxRange": 1,
      "stack": {
        "count": 1,
        "id": "minecraft:bone_meal"
      }
    }
  ]
}