{
  "type": "ars_nouveau:enchanting_apparatus",
  "keepNbtOfReagent": false,
  "pedestalItems": [
    {
      "item": "ars_nouveau:manipulation_essence"
    },
    {
      "item": "ars_nouveau:manipulation_essence"
    },
    {
      "item": "minecraft:blaze_powder"
    },
    {
      "item": "minecraft:blaze_powder"
    },
    {
      "item": "minecraft:gold_block"
    },
    {
      "item": "minecraft:gold_block"
    }
  ],
  "reagent": {
    "item": "ars_elemental:curio_bag"
  },
  "result": {
    "count": 1,
    "id": "ars_elemental:caster_bag"
  },
  "sourceCost": 0
}