{
  "type": "ars_nouveau:enchanting_apparatus",
  "keepNbtOfReagent": false,
  "pedestalItems": [
    {
      "tag": "c:gems/source"
    },
    {
      "item": "ars_nouveau:water_essence"
    },
    {
      "item": "ars_nouveau:water_essence"
    },
    {
      "item": "minecraft:prismarine_shard"
    },
    {
      "item": "minecraft:prismarine_shard"
    }
  ],
  "reagent": {
    "item": "minecraft:flower_pot"
  },
  "result": {
    "count": 1,
    "id": "ars_elemental:everfull_urn"
  },
  "sourceCost": 0
}