{
  "type": "ars_nouveau:imbuement",
  "input": {
    "item": "minecraft:amethyst_shard"
  },
  "output": {
    "count": 1,
    "id": "ars_elemental:lesser_fire_focus"
  },
  "pedestalItems": [
    {
      "item": "ars_nouveau:fire_essence"
    },
    {
      "item": "ars_nouveau:fire_essence"
    },
    {
      "item": "ars_nouveau:fire_essence"
    },
    {
      "item": "minecraft:gold_ingot"
    },
    {
      "item": "minecraft:gold_ingot"
    },
    {
      "item": "minecraft:gold_ingot"
    }
  ],
  "source": 5000
}