{
  "type": "ars_nouveau:enchanting_apparatus",
  "keepNbtOfReagent": false,
  "pedestalItems": [
    {
      "item": "ars_nouveau:air_essence"
    },
    {
      "item": "ars_nouveau:fire_essence"
    },
    {
      "item": "minecraft:magma_block"
    },
    {
      "item": "minecraft:magma_block"
    },
    {
      "item": "minecraft:magma_block"
    },
    {
      "item": "minecraft:magma_block"
    }
  ],
  "reagent": {
    "item": "minecraft:soul_sand"
  },
  "result": {
    "count": 1,
    "id": "ars_elemental:magma_upstream"
  },
  "sourceCost": 0
}