{
  "type": "ars_nouveau:enchanting_apparatus",
  "keepNbtOfReagent": false,
  "pedestalItems": [
    {
      "item": "ars_nouveau:earth_essence"
    },
    {
      "item": "ars_nouveau:fire_essence"
    },
    {
      "item": "ars_nouveau:water_essence"
    },
    {
      "item": "ars_nouveau:air_essence"
    },
    {
      "item": "ars_nouveau:abjuration_essence"
    },
    {
      "item": "ars_nouveau:conjuration_essence"
    },
    {
      "item": "ars_nouveau:manipulation_essence"
    },
    {
      "item": "ars_elemental:anima_essence"
    }
  ],
  "reagent": {
    "item": "ars_nouveau:wilden_tribute"
  },
  "result": {
    "count": 5,
    "id": "ars_elemental:mark_of_mastery"
  },
  "sourceCost": 10000
}