{
  "type": "ars_nouveau:enchanting_apparatus",
  "keepNbtOfReagent": false,
  "pedestalItems": [
    {
      "item": "minecraft:prismarine_shard"
    },
    {
      "tag": "minecraft:fishes"
    },
    {
      "tag": "minecraft:fishes"
    },
    {
      "tag": "minecraft:fishes"
    },
    {
      "tag": "c:gems/source"
    },
    {
      "tag": "c:gems/source"
    },
    {
      "tag": "c:gems/source"
    }
  ],
  "reagent": {
    "item": "ars_elemental:siren_shards"
  },
  "result": {
    "count": 1,
    "id": "ars_elemental:siren_charm"
  },
  "sourceCost": 0
}