{
  "type": "ars_nouveau:enchanting_apparatus",
  "keepNbtOfReagent": false,
  "pedestalItems": [
    {
      "tag": "c:logs/archwood"
    },
    {
      "tag": "c:logs/archwood"
    },
    {
      "tag": "c:gems/quartz"
    },
    {
      "tag": "c:gems/quartz"
    },
    {
      "item": "minecraft:gold_ingot"
    },
    {
      "item": "minecraft:gold_ingot"
    }
  ],
  "reagent": {
    "tag": "c:storage_blocks/source"
  },
  "result": {
    "count": 2,
    "id": "ars_elemental:spell_mirror"
  },
  "sourceCost": 0
}