{
  "feature": "ars_elemental:natural_flashing_tree",
  "placement": [
    {
      "type": "minecraft:count",
      "count": {
        "type": "minecraft:weighted_list",
        "distribution": [
          {
            "data": 5,
            "weight": 99
          },
          {
            "data": 6,
            "weight": 1
          }
        ]
      }
    },
    {
      "type": "minecraft:heightmap",
      "heightmap": "OCEAN_FLOOR"
    },
    {
      "type": "minecraft:block_predicate_filter",
      "predicate": {
        "type": "minecraft:would_survive",
        "state": {
          "Name": "ars_elemental:yellow_archwood_sapling",
          "Properties": {
            "stage": "0"
          }
        }
      }
    }
  ]
}